Unnamed: 0,pnl,book_size,long_count,short_count,turnover,returns,drawdown,margin,fitness,sharpe,start_date,alpha_id,expression,concentrated_weight,high_turnover,low_fitness,low_sharpe,low_sub_universe_sharpe,low_turnover
0.0,14821161.0,20000000.0,1105.0,1163.0,0.3449,0.1431,0.0549,0.00083,1.75,2.71,2012-01-22,m81deY5,"add(trade_when(oth460_1l_ccns<=0.5, regression_neut(ts_zscore(ts_backfill(anl69_cpss_best_eeps_nxt_yr, 21),21), group_zscore(ts_ir(returns, 252), industry)), oth460_1l_ccns>0.5), trade_when(oth460_1l_ccns<=0.5, vector_neut(ts_zscore(ts_backfill(anl69_cpss_best_eeps_nxt_yr, 21),21), group_zscore(ts_ir(returns, 252), industry)), oth460_1l_ccns>0.5), filter = false)",PASS,PASS,PASS,PASS,PASS,PASS
1.0,14787980.0,20000000.0,942.0,981.0,0.3519,0.1428,0.0538,0.000812,1.7,2.67,2012-01-22,QagOmKg,"add(trade_when(oth460_1l_acda<=0.5, regression_neut(ts_zscore(ts_backfill(anl69_cps_best_eeps_nxt_yr, 21),21), group_zscore(ts_ir(returns, 252), industry)), oth460_1l_acda>0.5), trade_when(oth460_1l_ccns<=0.5, regression_neut(ts_zscore(ts_backfill(anl69_cpss_best_eeps_nxt_yr, 21),21), group_zscore(ts_ir(returns, 252), industry)), oth460_1l_ccns>0.5), filter = false)",PASS,PASS,PASS,PASS,PASS,PASS
2.0,14576358.0,20000000.0,935.0,989.0,0.3423,0.1408,0.0578,0.000822,1.6,2.49,2012-01-22,k3OveNk,"add(trade_when(oth460_1l_ccns<=0.5, vector_neut(ts_zscore(ts_backfill(anl69_cpss_best_eeps_nxt_yr, 21),21), group_zscore(ts_ir(returns, 252), industry)), oth460_1l_ccns>0.5), trade_when(oth460_1l_acda<=0.5, vector_neut(ts_zscore(ts_backfill(anl69_cps_best_eeps_nxt_yr, 21),21), group_zscore(ts_ir(returns, 252), industry)), oth460_1l_acda>0.5), filter = false)",PASS,PASS,PASS,PASS,PASS,PASS
3.0,15530938.0,20000000.0,1125.0,1137.0,0.4315,0.15,0.0563,0.000695,1.54,2.62,2012-01-22,roV9mgo,"add(trade_when(oth460_1l_acda<=0.5, vector_neut(ts_zscore(ts_backfill(anl69_cps_best_eeps_nxt_yr, 21),21), group_zscore(ts_ir(returns, 252), industry)), oth460_1l_acda>0.5), trade_when(oth460_1l_m3r_mtn_spb_se<=0.5, regression_neut(ts_zscore(ts_backfill(anl69_cpss_best_eeps_nxt_yr, 21),21), group_zscore(ts_ir(returns, 252), industry)), oth460_1l_m3r_mtn_spb_se>0.5), filter = false)",PASS,PASS,PASS,PASS,PASS,PASS
4.0,16908542.0,20000000.0,1030.0,1071.0,0.4707,0.1633,0.067,0.000694,1.48,2.51,2012-01-22,EwLNb7m,"add(trade_when(oth460_es_ebit_fy1_d1m_l1<=0.5, regression_neut(ts_zscore(ts_backfill(anl69_cpss_best_eeps_nxt_yr, 21),21), group_zscore(ts_ir(returns, 252), industry)), oth460_es_ebit_fy1_d1m_l1>0.5), trade_when(oth460_1l_m3r_mtn_spb_se<=0.5, regression_neut(ts_zscore(ts_backfill(anl69_cps_best_eeps_cur_yr, 21),21), group_zscore(ts_ir(returns, 252), industry)), oth460_1l_m3r_mtn_spb_se>0.5), filter = false)",PASS,PASS,PASS,PASS,PASS,PASS
5.0,17363058.0,20000000.0,817.0,827.0,0.4897,0.1677,0.0757,0.000685,1.46,2.49,2012-01-22,lV9ERan,"add(trade_when(oth460_1l_m3r_mtn_spb_se<=0.5, regression_neut(ts_zscore(ts_backfill(anl69_cps_best_eeps_cur_yr, 21),21), group_zscore(ts_ir(returns, 252), industry)), oth460_1l_m3r_mtn_spb_se>0.5), trade_when(oth460_1l_fbds<=0.5, vector_neut(ts_zscore(ts_backfill(anl69_cpss_best_eeps_nxt_yr, 21),21), group_zscore(ts_ir(returns, 252), industry)), oth460_1l_fbds>0.5), filter = false)",PASS,PASS,PASS,PASS,PASS,PASS
6.0,15520977.0,20000000.0,935.0,933.0,0.4896,0.1499,0.074,0.000612,1.45,2.62,2012-01-22,z90gz11,"add(trade_when(oth460_1l_m3r_mtn_spb_se<=0.5, regression_neut(ts_zscore(ts_backfill(anl69_cpss_best_eeps_nxt_yr, 21),21), group_zscore(ts_ir(returns, 252), industry)), oth460_1l_m3r_mtn_spb_se>0.5), trade_when(oth460_1l_fbds<=0.5, regression_neut(ts_zscore(ts_backfill(anl69_cpss_best_eeps_nxt_yr, 21),21), group_zscore(ts_ir(returns, 252), industry)), oth460_1l_fbds>0.5), filter = false)",PASS,PASS,PASS,PASS,PASS,PASS
7.0,15752827.0,20000000.0,925.0,927.0,0.4829,0.1521,0.0636,0.00063,1.45,2.59,2012-01-22,ngQmo9M,"add(trade_when(oth460_1l_m3r_mtn_spb_se<=0.5, vector_neut(ts_zscore(ts_backfill(anl69_cpss_best_eeps_nxt_yr, 21),21), group_zscore(ts_ir(returns, 252), industry)), oth460_1l_m3r_mtn_spb_se>0.5), trade_when(oth460_1l_fbbs<=0.5, regression_neut(ts_zscore(ts_backfill(anl69_cpss_best_eeps_nxt_yr, 21),21), group_zscore(ts_ir(returns, 252), industry)), oth460_1l_fbbs>0.5), filter = false)",PASS,PASS,PASS,PASS,PASS,PASS
8.0,15590387.0,20000000.0,933.0,934.0,0.4854,0.1505,0.0696,0.00062,1.43,2.57,2012-01-22,Vp5Zog5,"add(trade_when(oth460_1l_fbds<=0.5, regression_neut(ts_zscore(ts_backfill(anl69_cpss_best_eeps_nxt_yr, 21),21), group_zscore(ts_ir(returns, 252), industry)), oth460_1l_fbds>0.5), trade_when(oth460_1l_m3r_mtn_spb_se<=0.5, vector_neut(ts_zscore(ts_backfill(anl69_cpss_best_eeps_nxt_yr, 21),21), group_zscore(ts_ir(returns, 252), industry)), oth460_1l_m3r_mtn_spb_se>0.5), filter = false)",PASS,PASS,PASS,PASS,PASS,PASS
9.0,13636405.0,20000000.0,1322.0,1377.0,0.4321,0.1317,0.0699,0.00061,1.32,2.39,2012-01-22,MpZdXOr,"add(trade_when(oth460_1l_fbbs<=0.5, regression_neut(ts_zscore(ts_backfill(anl69_cpss_best_eeps_nxt_yr, 21),21), group_zscore(ts_ir(returns, 252), industry)), oth460_1l_fbbs>0.5), trade_when(oth460_es_ebit_fy1_d1m_l1<=0.5, regression_neut(ts_zscore(ts_backfill(anl69_cpss_best_eeps_nxt_yr, 21),21), group_zscore(ts_ir(returns, 252), industry)), oth460_es_ebit_fy1_d1m_l1>0.5), filter = false)",PASS,PASS,PASS,PASS,PASS,PASS
0.0,14787979.0,20000000.0,943.0,982.0,0.3519,0.1428,0.0538,0.000812,1.7,2.67,2012-01-22,YpJom7l,"pro_A_0 = oth460_1l_acda;stock_A_0 = ts_zscore(ts_backfill(anl69_cps_best_eeps_nxt_yr, 21),21);factor_A_0 = group_zscore(ts_ir(returns, 252), industry);alpha_A_0 = regression_neut(stock_A_0, factor_A_0);signal_A_0 = trade_when(pro_A_0<=0.5, alpha_A_0, pro_A_0>0.5);pro_A_1 = oth460_1l_ccns;stock_A_1 = ts_zscore(ts_backfill(anl69_cpss_best_eeps_nxt_yr, 21),21);factor_A_1 = group_zscore(ts_ir(returns, 252), industry);alpha_A_1 = regression_neut(stock_A_1, factor_A_1);signal_A_1 = trade_when(pro_A_1<=0.5, alpha_A_1, pro_A_1>0.5);zscore(add(signal_A_0, signal_A_1, filter = false))",PASS,PASS,PASS,PASS,PASS,PASS
1.0,14576358.0,20000000.0,935.0,989.0,0.3423,0.1408,0.0578,0.000822,1.6,2.49,2012-01-22,roVMLl3,"pro_A_2 = oth460_1l_ccns;stock_A_2 = ts_zscore(ts_backfill(anl69_cpss_best_eeps_nxt_yr, 21),21);factor_A_2 = group_zscore(ts_ir(returns, 252), industry);alpha_A_2 = vector_neut(stock_A_2, factor_A_2);signal_A_2 = trade_when(pro_A_2<=0.5, alpha_A_2, pro_A_2>0.5);pro_A_3 = oth460_1l_acda;stock_A_3 = ts_zscore(ts_backfill(anl69_cps_best_eeps_nxt_yr, 21),21);factor_A_3 = group_zscore(ts_ir(returns, 252), industry);alpha_A_3 = vector_neut(stock_A_3, factor_A_3);signal_A_3 = trade_when(pro_A_3<=0.5, alpha_A_3, pro_A_3>0.5);zscore(add(signal_A_2, signal_A_3, filter = false))",PASS,PASS,PASS,PASS,PASS,PASS
2.0,16908540.0,20000000.0,1029.0,1071.0,0.4707,0.1633,0.067,0.000694,1.48,2.51,2012-01-22,qA32a9A,"pro_A_8 = oth460_es_ebit_fy1_d1m_l1;stock_A_8 = ts_zscore(ts_backfill(anl69_cpss_best_eeps_nxt_yr, 21),21);factor_A_8 = group_zscore(ts_ir(returns, 252), industry);alpha_A_8 = regression_neut(stock_A_8, factor_A_8);signal_A_8 = trade_when(pro_A_8<=0.5, alpha_A_8, pro_A_8>0.5);pro_A_9 = oth460_1l_m3r_mtn_spb_se;stock_A_9 = ts_zscore(ts_backfill(anl69_cps_best_eeps_cur_yr, 21),21);factor_A_9 = group_zscore(ts_ir(returns, 252), industry);alpha_A_9 = regression_neut(stock_A_9, factor_A_9);signal_A_9 = trade_when(pro_A_9<=0.5, alpha_A_9, pro_A_9>0.5);zscore(add(signal_A_8, signal_A_9, filter = false))",PASS,PASS,PASS,PASS,PASS,PASS
3.0,17598017.0,20000000.0,808.0,823.0,0.4836,0.1699,0.0791,0.000703,1.46,2.46,2012-01-22,xxW7pdN,"pro_A_12 = oth460_1l_m3r_mtn_spb_se;stock_A_12 = ts_zscore(ts_backfill(anl69_cps_best_eeps_cur_yr, 21),21);factor_A_12 = group_zscore(ts_ir(returns, 252), industry);alpha_A_12 = vector_neut(stock_A_12, factor_A_12);signal_A_12 = trade_when(pro_A_12<=0.5, alpha_A_12, pro_A_12>0.5);pro_A_13 = oth460_1l_fbbs;stock_A_13 = ts_zscore(ts_backfill(anl69_cpss_best_eeps_nxt_yr, 21),21);factor_A_13 = group_zscore(ts_ir(returns, 252), industry);alpha_A_13 = vector_neut(stock_A_13, factor_A_13);signal_A_13 = trade_when(pro_A_13<=0.5, alpha_A_13, pro_A_13>0.5);zscore(add(signal_A_12, signal_A_13, filter = false))",PASS,PASS,PASS,PASS,PASS,PASS
4.0,15752825.0,20000000.0,925.0,928.0,0.4829,0.1521,0.0636,0.00063,1.45,2.59,2012-01-22,jZxK0AZ,"pro_A_6 = oth460_1l_m3r_mtn_spb_se;stock_A_6 = ts_zscore(ts_backfill(anl69_cpss_best_eeps_nxt_yr, 21),21);factor_A_6 = group_zscore(ts_ir(returns, 252), industry);alpha_A_6 = vector_neut(stock_A_6, factor_A_6);signal_A_6 = trade_when(pro_A_6<=0.5, alpha_A_6, pro_A_6>0.5);pro_A_7 = oth460_1l_fbbs;stock_A_7 = ts_zscore(ts_backfill(anl69_cpss_best_eeps_nxt_yr, 21),21);factor_A_7 = group_zscore(ts_ir(returns, 252), industry);alpha_A_7 = regression_neut(stock_A_7, factor_A_7);signal_A_7 = trade_when(pro_A_7<=0.5, alpha_A_7, pro_A_7>0.5);zscore(add(signal_A_6, signal_A_7, filter = false))",PASS,PASS,PASS,PASS,PASS,PASS
5.0,15520980.0,20000000.0,935.0,933.0,0.4896,0.1499,0.074,0.000612,1.45,2.62,2012-01-22,Awm8Y2l,"pro_A_4 = oth460_1l_m3r_mtn_spb_se;stock_A_4 = ts_zscore(ts_backfill(anl69_cpss_best_eeps_nxt_yr, 21),21);factor_A_4 = group_zscore(ts_ir(returns, 252), industry);alpha_A_4 = regression_neut(stock_A_4, factor_A_4);signal_A_4 = trade_when(pro_A_4<=0.5, alpha_A_4, pro_A_4>0.5);pro_A_5 = oth460_1l_fbds;stock_A_5 = ts_zscore(ts_backfill(anl69_cpss_best_eeps_nxt_yr, 21),21);factor_A_5 = group_zscore(ts_ir(returns, 252), industry);alpha_A_5 = regression_neut(stock_A_5, factor_A_5);signal_A_5 = trade_when(pro_A_5<=0.5, alpha_A_5, pro_A_5>0.5);zscore(add(signal_A_4, signal_A_5, filter = false))",PASS,PASS,PASS,PASS,PASS,PASS
6.0,12149700.0,20000000.0,926.0,966.0,0.3474,0.1173,0.0677,0.000676,1.35,2.33,2012-01-22,ngQG5N3,"pro_A_14 = oth460_1l_acda;stock_A_14 = ts_zscore(ts_backfill(anl69_cps_best_eeps_cur_yr, 21),21);factor_A_14 = group_zscore(ts_ir(returns, 252), industry);alpha_A_14 = regression_neut(stock_A_14, factor_A_14);signal_A_14 = trade_when(pro_A_14<=0.5, alpha_A_14, pro_A_14>0.5);pro_A_15 = oth460_1l_ccns;stock_A_15 = ts_zscore(ts_backfill(anl69_cps_best_eeps_cur_yr, 21),21);factor_A_15 = group_zscore(ts_ir(returns, 252), industry);alpha_A_15 = regression_neut(stock_A_15, factor_A_15);signal_A_15 = trade_when(pro_A_15<=0.5, alpha_A_15, pro_A_15>0.5);zscore(add(signal_A_14, signal_A_15, filter = false))",PASS,PASS,PASS,PASS,PASS,PASS
7.0,14390032.0,20000000.0,1367.0,1441.0,0.3691,0.139,0.0878,0.000753,1.29,2.1,2012-01-22,076Z2wv,"pro_A_16 = oth460_es_ebit_fy1_d1m_l1;stock_A_16 = ts_zscore(ts_backfill(anl69_cpss_best_eeps_nxt_yr, 21),21);factor_A_16 = group_zscore(ts_ir(returns, 252), industry);alpha_A_16 = vector_neut(stock_A_16, factor_A_16);signal_A_16 = trade_when(pro_A_16<=0.5, alpha_A_16, pro_A_16>0.5);pro_A_17 = oth460_1l_acda;stock_A_17 = ts_zscore(ts_backfill(anl69_cps_best_eeps_cur_yr, 21),21);factor_A_17 = group_zscore(ts_ir(returns, 252), industry);alpha_A_17 = vector_neut(stock_A_17, factor_A_17);signal_A_17 = trade_when(pro_A_17<=0.5, alpha_A_17, pro_A_17>0.5);zscore(add(signal_A_16, signal_A_17, filter = false))",PASS,PASS,PASS,PASS,PASS,PASS
8.0,13539449.0,20000000.0,1318.0,1379.0,0.4359,0.1307,0.0763,0.0006,1.25,2.29,2012-01-22,MpZvEOk,"pro_A_10 = oth460_1l_fbds;stock_A_10 = ts_zscore(ts_backfill(anl69_cpss_best_eeps_nxt_yr, 21),21);factor_A_10 = group_zscore(ts_ir(returns, 252), industry);alpha_A_10 = vector_neut(stock_A_10, factor_A_10);signal_A_10 = trade_when(pro_A_10<=0.5, alpha_A_10, pro_A_10>0.5);pro_A_11 = oth460_es_roe_fy1_d1m_l1;stock_A_11 = ts_zscore(ts_backfill(anl69_cpss_best_eeps_nxt_yr, 21),21);factor_A_11 = group_zscore(ts_ir(returns, 252), industry);alpha_A_11 = regression_neut(stock_A_11, factor_A_11);signal_A_11 = trade_when(pro_A_11<=0.5, alpha_A_11, pro_A_11>0.5);zscore(add(signal_A_10, signal_A_11, filter = false))",PASS,PASS,PASS,PASS,PASS,PASS
9.0,14848188.0,20000000.0,841.0,905.0,0.3962,0.1434,0.0916,0.000724,1.24,2.06,2012-01-22,lV9nxJ8,"pro_A_18 = oth460_es_roe_fy1_d1m_l1;stock_A_18 = ts_zscore(ts_backfill(anl69_cpss_best_eeps_nxt_yr, 21),21);factor_A_18 = group_zscore(ts_ir(returns, 252), industry);alpha_A_18 = vector_neut(stock_A_18, factor_A_18);signal_A_18 = trade_when(pro_A_18<=0.5, alpha_A_18, pro_A_18>0.5);pro_A_19 = oth460_1l_ccns;stock_A_19 = ts_zscore(ts_backfill(anl69_cps_best_eeps_cur_yr, 21),21);factor_A_19 = group_zscore(ts_ir(returns, 252), industry);alpha_A_19 = vector_neut(stock_A_19, factor_A_19);signal_A_19 = trade_when(pro_A_19<=0.5, alpha_A_19, pro_A_19>0.5);zscore(add(signal_A_18, signal_A_19, filter = false))",PASS,PASS,PASS,PASS,PASS,PASS
10.0,11785344.0,20000000.0,1400.0,1429.0,0.3973,0.1138,0.1044,0.000573,1.17,2.18,2012-01-22,lV9nxx8,"pro_A_24 = oth460_1l_fbbs;stock_A_24 = ts_zscore(ts_backfill(anl69_cps_best_eeps_cur_yr, 21),21);factor_A_24 = group_zscore(ts_ir(returns, 252), industry);alpha_A_24 = regression_neut(stock_A_24, factor_A_24);signal_A_24 = trade_when(pro_A_24<=0.5, alpha_A_24, pro_A_24>0.5);pro_A_25 = oth460_1l_fbds;stock_A_25 = ts_zscore(ts_backfill(anl69_cps_best_eeps_cur_yr, 21),21);factor_A_25 = group_zscore(ts_ir(returns, 252), industry);alpha_A_25 = vector_neut(stock_A_25, factor_A_25);signal_A_25 = trade_when(pro_A_25<=0.5, alpha_A_25, pro_A_25>0.5);zscore(add(signal_A_24, signal_A_25, filter = false))",PASS,PASS,PASS,PASS,PASS,PASS
11.0,14042107.0,20000000.0,802.0,883.0,0.5149,0.1356,0.077,0.000527,1.08,2.1,2012-01-22,375KdYe,"pro_A_20 = oth460_1l_m1r_1yf_spe_se;stock_A_20 = ts_zscore(ts_backfill(anl69_cpss_best_eeps_nxt_yr, 21),21);factor_A_20 = group_zscore(ts_ir(returns, 252), industry);alpha_A_20 = regression_neut(stock_A_20, factor_A_20);signal_A_20 = trade_when(pro_A_20<=0.5, alpha_A_20, pro_A_20>0.5);pro_A_21 = oth460_1l_fbds;stock_A_21 = ts_zscore(ts_backfill(anl69_cps_best_eeps_cur_yr, 21),21);factor_A_21 = group_zscore(ts_ir(returns, 252), industry);alpha_A_21 = regression_neut(stock_A_21, factor_A_21);signal_A_21 = trade_when(pro_A_21<=0.5, alpha_A_21, pro_A_21>0.5);zscore(add(signal_A_20, signal_A_21, filter = false))",PASS,PASS,PASS,PASS,PASS,PASS
12.0,13131491.0,20000000.0,1052.0,1183.0,0.4751,0.1268,0.0751,0.000534,1.01,1.96,2012-01-22,Awmp6Yd,"pro_A_22 = oth460_es_ebit_fy1_d1m_l1;stock_A_22 = ts_zscore(ts_backfill(anl69_cps_best_eeps_cur_yr, 21),21);factor_A_22 = group_zscore(ts_ir(returns, 252), industry);alpha_A_22 = regression_neut(stock_A_22, factor_A_22);signal_A_22 = trade_when(pro_A_22<=0.5, alpha_A_22, pro_A_22>0.5);pro_A_23 = oth460_1l_m1r_1yf_spe_se;stock_A_23 = ts_zscore(ts_backfill(anl69_cpss_best_eeps_nxt_yr, 21),21);factor_A_23 = group_zscore(ts_ir(returns, 252), industry);alpha_A_23 = vector_neut(stock_A_23, factor_A_23);signal_A_23 = trade_when(pro_A_23<=0.5, alpha_A_23, pro_A_23>0.5);zscore(add(signal_A_22, signal_A_23, filter = false))",PASS,PASS,PASS,PASS,PASS,PASS
13.0,10498886.0,20000000.0,1656.0,1832.0,0.3873,0.1014,0.0845,0.000523,0.95,1.85,2012-01-22,OpVLewY,"pro_A_28 = oth460_es_ebit_fy1_d1m_l1;stock_A_28 = ts_zscore(ts_backfill(anl69_cps_best_eeps_cur_yr, 21),21);factor_A_28 = group_zscore(ts_ir(returns, 252), industry);alpha_A_28 = vector_neut(stock_A_28, factor_A_28);signal_A_28 = trade_when(pro_A_28<=0.5, alpha_A_28, pro_A_28>0.5);pro_A_29 = oth460_es_roe_fy1_d1m_l1;stock_A_29 = ts_zscore(ts_backfill(anl69_cps_best_eeps_cur_yr, 21),21);factor_A_29 = group_zscore(ts_ir(returns, 252), industry);alpha_A_29 = vector_neut(stock_A_29, factor_A_29);signal_A_29 = trade_when(pro_A_29<=0.5, alpha_A_29, pro_A_29>0.5);zscore(add(signal_A_28, signal_A_29, filter = false))",PASS,PASS,FAIL,PASS,PASS,PASS
14.0,10368898.0,20000000.0,1272.0,1365.0,0.4312,0.1001,0.1109,0.000464,0.85,1.76,2012-01-22,9wmeog1,"pro_A_26 = oth460_1l_fbbs;stock_A_26 = ts_zscore(ts_backfill(anl69_cps_best_eeps_cur_yr, 21),21);factor_A_26 = group_zscore(ts_ir(returns, 252), industry);alpha_A_26 = vector_neut(stock_A_26, factor_A_26);signal_A_26 = trade_when(pro_A_26<=0.5, alpha_A_26, pro_A_26>0.5);pro_A_27 = oth460_es_roe_fy1_d1m_l1;stock_A_27 = ts_zscore(ts_backfill(anl69_cps_best_eeps_cur_yr, 21),21);factor_A_27 = group_zscore(ts_ir(returns, 252), industry);alpha_A_27 = regression_neut(stock_A_27, factor_A_27);signal_A_27 = trade_when(pro_A_27<=0.5, alpha_A_27, pro_A_27>0.5);zscore(add(signal_A_26, signal_A_27, filter = false))",PASS,PASS,FAIL,PASS,PASS,PASS
,,,,,,,,,,,,,,,,,,,
,,,,,,,,,,,,,,,,,,,
,,,,,,,,,,,,,,,,,,,
,,,,,,,,,,,,,,,,,,,
,,,,,,,,,,,,,,,,,,,
,,,,,,,,,,,,,,,,,,,
,,,,,,,,,,,,,,,,,,,
,,,,,,,,,,,,,,,,,,,
,,,,,,,,,,,,,,,,,,,
0.0,14787979.0,20000000.0,943.0,982.0,0.3519,0.1428,0.0538,0.000812,1.7,2.67,2012-01-22,YpJom7l,"pro_A_0 = oth460_1l_acda;stock_A_0 = ts_zscore(ts_backfill(anl69_cps_best_eeps_nxt_yr, 21),21);factor_A_0 = group_zscore(ts_ir(returns, 252), industry);alpha_A_0 = regression_neut(stock_A_0, factor_A_0);signal_A_0 = trade_when(pro_A_0<=0.5, alpha_A_0, pro_A_0>0.5);pro_A_1 = oth460_1l_ccns;stock_A_1 = ts_zscore(ts_backfill(anl69_cpss_best_eeps_nxt_yr, 21),21);factor_A_1 = group_zscore(ts_ir(returns, 252), industry);alpha_A_1 = regression_neut(stock_A_1, factor_A_1);signal_A_1 = trade_when(pro_A_1<=0.5, alpha_A_1, pro_A_1>0.5);zscore(add(signal_A_0, signal_A_1, filter = false))",PASS,PASS,PASS,PASS,PASS,PASS
1.0,14576358.0,20000000.0,935.0,989.0,0.3423,0.1408,0.0578,0.000822,1.6,2.49,2012-01-22,roVMLl3,"pro_A_2 = oth460_1l_ccns;stock_A_2 = ts_zscore(ts_backfill(anl69_cpss_best_eeps_nxt_yr, 21),21);factor_A_2 = group_zscore(ts_ir(returns, 252), industry);alpha_A_2 = vector_neut(stock_A_2, factor_A_2);signal_A_2 = trade_when(pro_A_2<=0.5, alpha_A_2, pro_A_2>0.5);pro_A_3 = oth460_1l_acda;stock_A_3 = ts_zscore(ts_backfill(anl69_cps_best_eeps_nxt_yr, 21),21);factor_A_3 = group_zscore(ts_ir(returns, 252), industry);alpha_A_3 = vector_neut(stock_A_3, factor_A_3);signal_A_3 = trade_when(pro_A_3<=0.5, alpha_A_3, pro_A_3>0.5);zscore(add(signal_A_2, signal_A_3, filter = false))",PASS,PASS,PASS,PASS,PASS,PASS
2.0,15520980.0,20000000.0,935.0,933.0,0.4896,0.1499,0.074,0.000612,1.45,2.62,2012-01-22,Awm8Y2l,"pro_A_4 = oth460_1l_m3r_mtn_spb_se;stock_A_4 = ts_zscore(ts_backfill(anl69_cpss_best_eeps_nxt_yr, 21),21);factor_A_4 = group_zscore(ts_ir(returns, 252), industry);alpha_A_4 = regression_neut(stock_A_4, factor_A_4);signal_A_4 = trade_when(pro_A_4<=0.5, alpha_A_4, pro_A_4>0.5);pro_A_5 = oth460_1l_fbds;stock_A_5 = ts_zscore(ts_backfill(anl69_cpss_best_eeps_nxt_yr, 21),21);factor_A_5 = group_zscore(ts_ir(returns, 252), industry);alpha_A_5 = regression_neut(stock_A_5, factor_A_5);signal_A_5 = trade_when(pro_A_5<=0.5, alpha_A_5, pro_A_5>0.5);zscore(add(signal_A_4, signal_A_5, filter = false))",PASS,PASS,PASS,PASS,PASS,PASS
3.0,15752825.0,20000000.0,925.0,928.0,0.4829,0.1521,0.0636,0.00063,1.45,2.59,2012-01-22,jZxK0AZ,"pro_A_6 = oth460_1l_m3r_mtn_spb_se;stock_A_6 = ts_zscore(ts_backfill(anl69_cpss_best_eeps_nxt_yr, 21),21);factor_A_6 = group_zscore(ts_ir(returns, 252), industry);alpha_A_6 = vector_neut(stock_A_6, factor_A_6);signal_A_6 = trade_when(pro_A_6<=0.5, alpha_A_6, pro_A_6>0.5);pro_A_7 = oth460_1l_fbbs;stock_A_7 = ts_zscore(ts_backfill(anl69_cpss_best_eeps_nxt_yr, 21),21);factor_A_7 = group_zscore(ts_ir(returns, 252), industry);alpha_A_7 = regression_neut(stock_A_7, factor_A_7);signal_A_7 = trade_when(pro_A_7<=0.5, alpha_A_7, pro_A_7>0.5);zscore(add(signal_A_6, signal_A_7, filter = false))",PASS,PASS,PASS,PASS,PASS,PASS
0.0,21040361.0,20000000.0,812.0,815.0,0.5018,0.2032,0.0545,0.00081,2.1,3.3,2012-01-22,RpPkgOo,"pro_A_0 = oth460_1l_acda;stock_A_0 = ts_zscore(ts_backfill(anl69_cps_best_eeps_nxt_yr, 21),21);factor_A_0 = group_zscore(ts_ir(returns, 252), industry);alpha_A_0 = regression_neut(stock_A_0, factor_A_0);signal_A_0 = trade_when(pro_A_0<=0.5, alpha_A_0, pro_A_0>0.5);entry_B_1 = ts_rank( ts_std_dev(oth460_1l_1dls, 21), 252 ); maintenance_B_1 = -ts_regression(rsk70_mfm2_gemtrd_srtindcnt, ts_delay(rsk70_mfm2_gemtrd_anlystsn, 1), 252); quit_B_1 = entry_B_1 < 0.5;signal_B_1 =  trade_when(entry_B_1>0.55, maintenance_B_1, quit_B_1);add(scale_down(signal_A_0), scale_down(signal_B_1), filter = false)",PASS,PASS,PASS,PASS,PASS,PASS
1.0,24162755.0,20000000.0,620.0,620.0,0.6804,0.2333,0.0745,0.000686,2.06,3.51,2012-01-22,ro8JqWo,"pro_A_4 = oth460_1l_m3r_mtn_spb_se;stock_A_4 = ts_zscore(ts_backfill(anl69_cpss_best_eeps_nxt_yr, 21),21);factor_A_4 = group_zscore(ts_ir(returns, 252), industry);alpha_A_4 = regression_neut(stock_A_4, factor_A_4);signal_A_4 = trade_when(pro_A_4<=0.5, alpha_A_4, pro_A_4>0.5);entry_B_0 = ts_rank( ts_std_dev(oth460_3l_vlc, 21), 252 ); maintenance_B_0 = -ts_regression(rsk70_mfm2_gemtrd_srtindcnt, ts_delay(rsk70_mfm2_gemtrd_anlystsn, 1), 252); quit_B_0 = entry_B_0 < 0.5;signal_B_0 =  trade_when(entry_B_0>0.55, maintenance_B_0, quit_B_0);add(scale_down(signal_A_4), scale_down(signal_B_0), filter = false)",PASS,PASS,PASS,PASS,PASS,PASS
2.0,20752506.0,20000000.0,810.0,818.0,0.4829,0.2004,0.0589,0.00083,2.04,3.16,2012-01-22,9wkax79,"pro_A_3 = oth460_1l_acda;stock_A_3 = ts_zscore(ts_backfill(anl69_cps_best_eeps_nxt_yr, 21),21);factor_A_3 = group_zscore(ts_ir(returns, 252), industry);alpha_A_3 = vector_neut(stock_A_3, factor_A_3);signal_A_3 = trade_when(pro_A_3<=0.5, alpha_A_3, pro_A_3>0.5);entry_B_1 = ts_rank( ts_std_dev(oth460_1l_1dls, 21), 252 ); maintenance_B_1 = -ts_regression(rsk70_mfm2_gemtrd_srtindcnt, ts_delay(rsk70_mfm2_gemtrd_anlystsn, 1), 252); quit_B_1 = entry_B_1 < 0.5;signal_B_1 =  trade_when(entry_B_1>0.55, maintenance_B_1, quit_B_1);add(scale_down(signal_A_3), scale_down(signal_B_1), filter = false)",PASS,PASS,PASS,PASS,PASS,PASS
3.0,21655819.0,20000000.0,498.0,510.0,0.516,0.2091,0.0596,0.000811,2.01,3.16,2012-01-22,7wlKqXv,"pro_A_1 = oth460_1l_ccns;stock_A_1 = ts_zscore(ts_backfill(anl69_cpss_best_eeps_nxt_yr, 21),21);factor_A_1 = group_zscore(ts_ir(returns, 252), industry);alpha_A_1 = regression_neut(stock_A_1, factor_A_1);signal_A_1 = trade_when(pro_A_1<=0.5, alpha_A_1, pro_A_1>0.5);entry_B_1 = ts_rank( ts_std_dev(oth460_1l_1dls, 21), 252 ); maintenance_B_1 = -ts_regression(rsk70_mfm2_gemtrd_srtindcnt, ts_delay(rsk70_mfm2_gemtrd_anlystsn, 1), 252); quit_B_1 = entry_B_1 < 0.5;signal_B_1 =  trade_when(entry_B_1>0.55, maintenance_B_1, quit_B_1);add(scale_down(signal_A_1), scale_down(signal_B_1), filter = false)",PASS,PASS,PASS,PASS,PASS,PASS
4.0,21412434.0,20000000.0,496.0,512.0,0.4988,0.2068,0.0695,0.000829,1.97,3.06,2012-01-22,5wYaMWJ,"pro_A_2 = oth460_1l_ccns;stock_A_2 = ts_zscore(ts_backfill(anl69_cpss_best_eeps_nxt_yr, 21),21);factor_A_2 = group_zscore(ts_ir(returns, 252), industry);alpha_A_2 = vector_neut(stock_A_2, factor_A_2);signal_A_2 = trade_when(pro_A_2<=0.5, alpha_A_2, pro_A_2>0.5);entry_B_1 = ts_rank( ts_std_dev(oth460_1l_1dls, 21), 252 ); maintenance_B_1 = -ts_regression(rsk70_mfm2_gemtrd_srtindcnt, ts_delay(rsk70_mfm2_gemtrd_anlystsn, 1), 252); quit_B_1 = entry_B_1 < 0.5;signal_B_1 =  trade_when(entry_B_1>0.55, maintenance_B_1, quit_B_1);add(scale_down(signal_A_2), scale_down(signal_B_1), filter = false)",PASS,PASS,PASS,PASS,PASS,PASS
5.0,20891285.0,20000000.0,867.0,870.0,0.5687,0.2017,0.08,0.000709,1.97,3.3,2012-01-22,z9eJw5K,"pro_A_0 = oth460_1l_acda;stock_A_0 = ts_zscore(ts_backfill(anl69_cps_best_eeps_nxt_yr, 21),21);factor_A_0 = group_zscore(ts_ir(returns, 252), industry);alpha_A_0 = regression_neut(stock_A_0, factor_A_0);signal_A_0 = trade_when(pro_A_0<=0.5, alpha_A_0, pro_A_0>0.5);entry_B_0 = ts_rank( ts_std_dev(oth460_3l_vlc, 21), 252 ); maintenance_B_0 = -ts_regression(rsk70_mfm2_gemtrd_srtindcnt, ts_delay(rsk70_mfm2_gemtrd_anlystsn, 1), 252); quit_B_0 = entry_B_0 < 0.5;signal_B_0 =  trade_when(entry_B_0>0.55, maintenance_B_0, quit_B_0);add(scale_down(signal_A_0), scale_down(signal_B_0), filter = false)",PASS,PASS,PASS,PASS,PASS,PASS
6.0,22616101.0,20000000.0,373.0,380.0,0.5187,0.2184,0.08,0.000842,1.95,3.01,2012-01-22,vLPe0wa,"pro_A_1 = oth460_1l_ccns;stock_A_1 = ts_zscore(ts_backfill(anl69_cpss_best_eeps_nxt_yr, 21),21);factor_A_1 = group_zscore(ts_ir(returns, 252), industry);alpha_A_1 = regression_neut(stock_A_1, factor_A_1);signal_A_1 = trade_when(pro_A_1<=0.5, alpha_A_1, pro_A_1>0.5);entry_B_2 = ts_rank( ts_std_dev(oth460_1l_aiec, 21), 252 ); maintenance_B_2 = -ts_regression(rsk70_mfm2_gemtrd_srtindcnt, ts_delay(rsk70_mfm2_gemtrd_anlystsn, 1), 252); quit_B_2 = entry_B_2 < 0.5;signal_B_2 =  trade_when(entry_B_2>0.55, maintenance_B_2, quit_B_2);add(scale_down(signal_A_1), scale_down(signal_B_2), filter = false)",PASS,PASS,PASS,PASS,PASS,PASS
7.0,21744919.0,20000000.0,614.0,613.0,0.509,0.21,0.0695,0.000825,1.94,3.02,2012-01-22,oKZ9ddJ,"pro_A_0 = oth460_1l_acda;stock_A_0 = ts_zscore(ts_backfill(anl69_cps_best_eeps_nxt_yr, 21),21);factor_A_0 = group_zscore(ts_ir(returns, 252), industry);alpha_A_0 = regression_neut(stock_A_0, factor_A_0);signal_A_0 = trade_when(pro_A_0<=0.5, alpha_A_0, pro_A_0>0.5);entry_B_2 = ts_rank( ts_std_dev(oth460_1l_aiec, 21), 252 ); maintenance_B_2 = -ts_regression(rsk70_mfm2_gemtrd_srtindcnt, ts_delay(rsk70_mfm2_gemtrd_anlystsn, 1), 252); quit_B_2 = entry_B_2 < 0.5;signal_B_2 =  trade_when(entry_B_2>0.55, maintenance_B_2, quit_B_2);add(scale_down(signal_A_0), scale_down(signal_B_2), filter = false)",PASS,PASS,PASS,PASS,PASS,PASS
8.0,22431915.0,20000000.0,371.0,380.0,0.5013,0.2166,0.0714,0.000864,1.93,2.94,2012-01-22,5wYq766,"pro_A_2 = oth460_1l_ccns;stock_A_2 = ts_zscore(ts_backfill(anl69_cpss_best_eeps_nxt_yr, 21),21);factor_A_2 = group_zscore(ts_ir(returns, 252), industry);alpha_A_2 = vector_neut(stock_A_2, factor_A_2);signal_A_2 = trade_when(pro_A_2<=0.5, alpha_A_2, pro_A_2>0.5);entry_B_2 = ts_rank( ts_std_dev(oth460_1l_aiec, 21), 252 ); maintenance_B_2 = -ts_regression(rsk70_mfm2_gemtrd_srtindcnt, ts_delay(rsk70_mfm2_gemtrd_anlystsn, 1), 252); quit_B_2 = entry_B_2 < 0.5;signal_B_2 =  trade_when(entry_B_2>0.55, maintenance_B_2, quit_B_2);add(scale_down(signal_A_2), scale_down(signal_B_2), filter = false)",PASS,PASS,PASS,PASS,PASS,PASS
9.0,20570305.0,20000000.0,865.0,873.0,0.5481,0.1986,0.0837,0.000725,1.89,3.14,2012-01-22,YpY210v,"pro_A_3 = oth460_1l_acda;stock_A_3 = ts_zscore(ts_backfill(anl69_cps_best_eeps_nxt_yr, 21),21);factor_A_3 = group_zscore(ts_ir(returns, 252), industry);alpha_A_3 = vector_neut(stock_A_3, factor_A_3);signal_A_3 = trade_when(pro_A_3<=0.5, alpha_A_3, pro_A_3>0.5);entry_B_0 = ts_rank( ts_std_dev(oth460_3l_vlc, 21), 252 ); maintenance_B_0 = -ts_regression(rsk70_mfm2_gemtrd_srtindcnt, ts_delay(rsk70_mfm2_gemtrd_anlystsn, 1), 252); quit_B_0 = entry_B_0 < 0.5;signal_B_0 =  trade_when(entry_B_0>0.55, maintenance_B_0, quit_B_0);add(scale_down(signal_A_3), scale_down(signal_B_0), filter = false)",PASS,PASS,PASS,PASS,PASS,PASS
10.0,21413509.0,20000000.0,613.0,614.0,0.4895,0.2068,0.0734,0.000845,1.88,2.9,2012-01-22,Np8gNb8,"pro_A_3 = oth460_1l_acda;stock_A_3 = ts_zscore(ts_backfill(anl69_cps_best_eeps_nxt_yr, 21),21);factor_A_3 = group_zscore(ts_ir(returns, 252), industry);alpha_A_3 = vector_neut(stock_A_3, factor_A_3);signal_A_3 = trade_when(pro_A_3<=0.5, alpha_A_3, pro_A_3>0.5);entry_B_2 = ts_rank( ts_std_dev(oth460_1l_aiec, 21), 252 ); maintenance_B_2 = -ts_regression(rsk70_mfm2_gemtrd_srtindcnt, ts_delay(rsk70_mfm2_gemtrd_anlystsn, 1), 252); quit_B_2 = entry_B_2 < 0.5;signal_B_2 =  trade_when(entry_B_2>0.55, maintenance_B_2, quit_B_2);add(scale_down(signal_A_3), scale_down(signal_B_2), filter = false)",PASS,PASS,PASS,PASS,PASS,PASS
11.0,21998841.0,20000000.0,603.0,604.0,0.6205,0.2124,0.0553,0.000685,1.84,3.15,2012-01-22,Gw9M2oZ,"pro_A_4 = oth460_1l_m3r_mtn_spb_se;stock_A_4 = ts_zscore(ts_backfill(anl69_cpss_best_eeps_nxt_yr, 21),21);factor_A_4 = group_zscore(ts_ir(returns, 252), industry);alpha_A_4 = regression_neut(stock_A_4, factor_A_4);signal_A_4 = trade_when(pro_A_4<=0.5, alpha_A_4, pro_A_4>0.5);entry_B_1 = ts_rank( ts_std_dev(oth460_1l_1dls, 21), 252 ); maintenance_B_1 = -ts_regression(rsk70_mfm2_gemtrd_srtindcnt, ts_delay(rsk70_mfm2_gemtrd_anlystsn, 1), 252); quit_B_1 = entry_B_1 < 0.5;signal_B_1 =  trade_when(entry_B_1>0.55, maintenance_B_1, quit_B_1);add(scale_down(signal_A_4), scale_down(signal_B_1), filter = false)",PASS,PASS,PASS,PASS,PASS,PASS
12.0,20433546.0,20000000.0,531.0,543.0,0.5862,0.1973,0.0733,0.000673,1.81,3.12,2012-01-22,dxvEwZj,"pro_A_1 = oth460_1l_ccns;stock_A_1 = ts_zscore(ts_backfill(anl69_cpss_best_eeps_nxt_yr, 21),21);factor_A_1 = group_zscore(ts_ir(returns, 252), industry);alpha_A_1 = regression_neut(stock_A_1, factor_A_1);signal_A_1 = trade_when(pro_A_1<=0.5, alpha_A_1, pro_A_1>0.5);entry_B_0 = ts_rank( ts_std_dev(oth460_3l_vlc, 21), 252 ); maintenance_B_0 = -ts_regression(rsk70_mfm2_gemtrd_srtindcnt, ts_delay(rsk70_mfm2_gemtrd_anlystsn, 1), 252); quit_B_0 = entry_B_0 < 0.5;signal_B_0 =  trade_when(entry_B_0>0.55, maintenance_B_0, quit_B_0);add(scale_down(signal_A_1), scale_down(signal_B_0), filter = false)",PASS,PASS,PASS,PASS,PASS,PASS
13.0,20065745.0,20000000.0,529.0,545.0,0.5676,0.1938,0.0796,0.000683,1.75,2.99,2012-01-22,MpVK5EM,"pro_A_2 = oth460_1l_ccns;stock_A_2 = ts_zscore(ts_backfill(anl69_cpss_best_eeps_nxt_yr, 21),21);factor_A_2 = group_zscore(ts_ir(returns, 252), industry);alpha_A_2 = vector_neut(stock_A_2, factor_A_2);signal_A_2 = trade_when(pro_A_2<=0.5, alpha_A_2, pro_A_2>0.5);entry_B_0 = ts_rank( ts_std_dev(oth460_3l_vlc, 21), 252 ); maintenance_B_0 = -ts_regression(rsk70_mfm2_gemtrd_srtindcnt, ts_delay(rsk70_mfm2_gemtrd_anlystsn, 1), 252); quit_B_0 = entry_B_0 < 0.5;signal_B_0 =  trade_when(entry_B_0>0.55, maintenance_B_0, quit_B_0);add(scale_down(signal_A_2), scale_down(signal_B_0), filter = false)",PASS,PASS,PASS,PASS,PASS,PASS
14.0,22540235.0,20000000.0,457.0,455.0,0.6206,0.2177,0.0681,0.000701,1.73,2.92,2012-01-22,170aMxQ,"pro_A_4 = oth460_1l_m3r_mtn_spb_se;stock_A_4 = ts_zscore(ts_backfill(anl69_cpss_best_eeps_nxt_yr, 21),21);factor_A_4 = group_zscore(ts_ir(returns, 252), industry);alpha_A_4 = regression_neut(stock_A_4, factor_A_4);signal_A_4 = trade_when(pro_A_4<=0.5, alpha_A_4, pro_A_4>0.5);entry_B_2 = ts_rank( ts_std_dev(oth460_1l_aiec, 21), 252 ); maintenance_B_2 = -ts_regression(rsk70_mfm2_gemtrd_srtindcnt, ts_delay(rsk70_mfm2_gemtrd_anlystsn, 1), 252); quit_B_2 = entry_B_2 < 0.5;signal_B_2 =  trade_when(entry_B_2>0.55, maintenance_B_2, quit_B_2);add(scale_down(signal_A_4), scale_down(signal_B_2), filter = false)",PASS,PASS,PASS,PASS,PASS,PASS
0.0,23135208.0,20000000.0,645.0,650.0,0.6122,0.2234,0.0683,0.00073,2.04,3.38,2012-01-22,Gw9oxQG,"pro_A_6 = oth460_1l_m3r_mtn_spb_se;stock_A_6 = ts_zscore(ts_backfill(anl69_cpss_best_eeps_nxt_yr, 21),21);factor_A_6 = group_zscore(ts_ir(returns, 252), industry);alpha_A_6 = vector_neut(stock_A_6, factor_A_6);signal_A_6 = trade_when(pro_A_6<=0.5, alpha_A_6, pro_A_6>0.5);entry_B_4 = ts_rank( ts_std_dev(oth460_3l_vlc, 21), 252 ); maintenance_B_4 = -ts_regression(rsk70_mfm2_gemtrd_srtindcnt, ts_delay(rsk70_mfm2_gemtrd_srtindcnt, 1), 252); quit_B_4 = entry_B_4 < 0.5;signal_B_4 =  trade_when(entry_B_4>0.55, maintenance_B_4, quit_B_4);add(scale_down(signal_A_6), scale_down(signal_B_4), filter = false)",PASS,PASS,PASS,PASS,PASS,PASS
1.0,20911689.0,20000000.0,645.0,649.0,0.6207,0.2019,0.056,0.000651,1.93,3.39,2012-01-22,9wkRkRd,"pro_A_9 = oth460_1l_m3r_mtn_spb_se;stock_A_9 = ts_zscore(ts_backfill(anl69_cps_best_eeps_cur_yr, 21),21);factor_A_9 = group_zscore(ts_ir(returns, 252), industry);alpha_A_9 = regression_neut(stock_A_9, factor_A_9);signal_A_9 = trade_when(pro_A_9<=0.5, alpha_A_9, pro_A_9>0.5);entry_B_4 = ts_rank( ts_std_dev(oth460_3l_vlc, 21), 252 ); maintenance_B_4 = -ts_regression(rsk70_mfm2_gemtrd_srtindcnt, ts_delay(rsk70_mfm2_gemtrd_srtindcnt, 1), 252); quit_B_4 = entry_B_4 < 0.5;signal_B_4 =  trade_when(entry_B_4>0.55, maintenance_B_4, quit_B_4);add(scale_down(signal_A_9), scale_down(signal_B_4), filter = false)",PASS,PASS,PASS,PASS,PASS,PASS
2.0,20564591.0,20000000.0,927.0,963.0,0.5562,0.1986,0.0802,0.000714,1.92,3.21,2012-01-22,bLA9ANZ,"pro_A_8 = oth460_es_ebit_fy1_d1m_l1;stock_A_8 = ts_zscore(ts_backfill(anl69_cpss_best_eeps_nxt_yr, 21),21);factor_A_8 = group_zscore(ts_ir(returns, 252), industry);alpha_A_8 = regression_neut(stock_A_8, factor_A_8);signal_A_8 = trade_when(pro_A_8<=0.5, alpha_A_8, pro_A_8>0.5);entry_B_4 = ts_rank( ts_std_dev(oth460_3l_vlc, 21), 252 ); maintenance_B_4 = -ts_regression(rsk70_mfm2_gemtrd_srtindcnt, ts_delay(rsk70_mfm2_gemtrd_srtindcnt, 1), 252); quit_B_4 = entry_B_4 < 0.5;signal_B_4 =  trade_when(entry_B_4>0.55, maintenance_B_4, quit_B_4);add(scale_down(signal_A_8), scale_down(signal_B_4), filter = false)",PASS,PASS,PASS,PASS,PASS,PASS
3.0,20225787.0,20000000.0,626.0,634.0,0.56,0.1953,0.0429,0.000698,1.91,3.24,2012-01-22,qAVXQZZ,"pro_A_9 = oth460_1l_m3r_mtn_spb_se;stock_A_9 = ts_zscore(ts_backfill(anl69_cps_best_eeps_cur_yr, 21),21);factor_A_9 = group_zscore(ts_ir(returns, 252), industry);alpha_A_9 = regression_neut(stock_A_9, factor_A_9);signal_A_9 = trade_when(pro_A_9<=0.5, alpha_A_9, pro_A_9>0.5);entry_B_5 = ts_rank( ts_std_dev(oth460_1l_1dls, 21), 252 ); maintenance_B_5 = -ts_regression(rsk70_mfm2_gemtrd_srtindcnt, ts_delay(rsk70_mfm2_gemtrd_srtindcnt, 1), 252); quit_B_5 = entry_B_5 < 0.5;signal_B_5 =  trade_when(entry_B_5>0.55, maintenance_B_5, quit_B_5);add(scale_down(signal_A_9), scale_down(signal_B_5), filter = false)",PASS,PASS,PASS,PASS,PASS,PASS
4.0,19601057.0,20000000.0,870.0,905.0,0.4875,0.1893,0.0706,0.000777,1.88,3.02,2012-01-22,wRWeWL1,"pro_A_8 = oth460_es_ebit_fy1_d1m_l1;stock_A_8 = ts_zscore(ts_backfill(anl69_cpss_best_eeps_nxt_yr, 21),21);factor_A_8 = group_zscore(ts_ir(returns, 252), industry);alpha_A_8 = regression_neut(stock_A_8, factor_A_8);signal_A_8 = trade_when(pro_A_8<=0.5, alpha_A_8, pro_A_8>0.5);entry_B_5 = ts_rank( ts_std_dev(oth460_1l_1dls, 21), 252 ); maintenance_B_5 = -ts_regression(rsk70_mfm2_gemtrd_srtindcnt, ts_delay(rsk70_mfm2_gemtrd_srtindcnt, 1), 252); quit_B_5 = entry_B_5 < 0.5;signal_B_5 =  trade_when(entry_B_5>0.55, maintenance_B_5, quit_B_5);add(scale_down(signal_A_8), scale_down(signal_B_5), filter = false)",PASS,PASS,PASS,PASS,PASS,PASS
5.0,21051647.0,20000000.0,627.0,633.0,0.5518,0.2033,0.0692,0.000737,1.83,3.02,2012-01-22,6wNENm7,"pro_A_6 = oth460_1l_m3r_mtn_spb_se;stock_A_6 = ts_zscore(ts_backfill(anl69_cpss_best_eeps_nxt_yr, 21),21);factor_A_6 = group_zscore(ts_ir(returns, 252), industry);alpha_A_6 = vector_neut(stock_A_6, factor_A_6);signal_A_6 = trade_when(pro_A_6<=0.5, alpha_A_6, pro_A_6>0.5);entry_B_5 = ts_rank( ts_std_dev(oth460_1l_1dls, 21), 252 ); maintenance_B_5 = -ts_regression(rsk70_mfm2_gemtrd_srtindcnt, ts_delay(rsk70_mfm2_gemtrd_srtindcnt, 1), 252); quit_B_5 = entry_B_5 < 0.5;signal_B_5 =  trade_when(entry_B_5>0.55, maintenance_B_5, quit_B_5);add(scale_down(signal_A_6), scale_down(signal_B_5), filter = false)",PASS,PASS,PASS,PASS,PASS,PASS
6.0,20132275.0,20000000.0,748.0,747.0,0.5857,0.1944,0.0688,0.000664,1.77,3.08,2012-01-22,oKZYrol,"pro_A_5 = oth460_1l_fbds;stock_A_5 = ts_zscore(ts_backfill(anl69_cpss_best_eeps_nxt_yr, 21),21);factor_A_5 = group_zscore(ts_ir(returns, 252), industry);alpha_A_5 = regression_neut(stock_A_5, factor_A_5);signal_A_5 = trade_when(pro_A_5<=0.5, alpha_A_5, pro_A_5>0.5);entry_B_4 = ts_rank( ts_std_dev(oth460_3l_vlc, 21), 252 ); maintenance_B_4 = -ts_regression(rsk70_mfm2_gemtrd_srtindcnt, ts_delay(rsk70_mfm2_gemtrd_srtindcnt, 1), 252); quit_B_4 = entry_B_4 < 0.5;signal_B_4 =  trade_when(entry_B_4>0.55, maintenance_B_4, quit_B_4);add(scale_down(signal_A_5), scale_down(signal_B_4), filter = false)",PASS,PASS,PASS,PASS,PASS,PASS
7.0,19874561.0,20000000.0,740.0,740.0,0.585,0.1919,0.0707,0.000656,1.74,3.04,2012-01-22,p6373mV,"pro_A_7 = oth460_1l_fbbs;stock_A_7 = ts_zscore(ts_backfill(anl69_cpss_best_eeps_nxt_yr, 21),21);factor_A_7 = group_zscore(ts_ir(returns, 252), industry);alpha_A_7 = regression_neut(stock_A_7, factor_A_7);signal_A_7 = trade_when(pro_A_7<=0.5, alpha_A_7, pro_A_7>0.5);entry_B_4 = ts_rank( ts_std_dev(oth460_3l_vlc, 21), 252 ); maintenance_B_4 = -ts_regression(rsk70_mfm2_gemtrd_srtindcnt, ts_delay(rsk70_mfm2_gemtrd_srtindcnt, 1), 252); quit_B_4 = entry_B_4 < 0.5;signal_B_4 =  trade_when(entry_B_4>0.55, maintenance_B_4, quit_B_4);add(scale_down(signal_A_7), scale_down(signal_B_4), filter = false)",PASS,PASS,PASS,PASS,PASS,PASS
8.0,18923405.0,20000000.0,694.0,693.0,0.5198,0.1827,0.0623,0.000703,1.73,2.91,2012-01-22,KbZLQgj,"pro_A_5 = oth460_1l_fbds;stock_A_5 = ts_zscore(ts_backfill(anl69_cpss_best_eeps_nxt_yr, 21),21);factor_A_5 = group_zscore(ts_ir(returns, 252), industry);alpha_A_5 = regression_neut(stock_A_5, factor_A_5);signal_A_5 = trade_when(pro_A_5<=0.5, alpha_A_5, pro_A_5>0.5);entry_B_5 = ts_rank( ts_std_dev(oth460_1l_1dls, 21), 252 ); maintenance_B_5 = -ts_regression(rsk70_mfm2_gemtrd_srtindcnt, ts_delay(rsk70_mfm2_gemtrd_srtindcnt, 1), 252); quit_B_5 = entry_B_5 < 0.5;signal_B_5 =  trade_when(entry_B_5>0.55, maintenance_B_5, quit_B_5);add(scale_down(signal_A_5), scale_down(signal_B_5), filter = false)",PASS,PASS,PASS,PASS,PASS,PASS
9.0,18895274.0,20000000.0,686.0,686.0,0.5185,0.1825,0.0633,0.000704,1.73,2.91,2012-01-22,PpK1KWw,"pro_A_7 = oth460_1l_fbbs;stock_A_7 = ts_zscore(ts_backfill(anl69_cpss_best_eeps_nxt_yr, 21),21);factor_A_7 = group_zscore(ts_ir(returns, 252), industry);alpha_A_7 = regression_neut(stock_A_7, factor_A_7);signal_A_7 = trade_when(pro_A_7<=0.5, alpha_A_7, pro_A_7>0.5);entry_B_5 = ts_rank( ts_std_dev(oth460_1l_1dls, 21), 252 ); maintenance_B_5 = -ts_regression(rsk70_mfm2_gemtrd_srtindcnt, ts_delay(rsk70_mfm2_gemtrd_srtindcnt, 1), 252); quit_B_5 = entry_B_5 < 0.5;signal_B_5 =  trade_when(entry_B_5>0.55, maintenance_B_5, quit_B_5);add(scale_down(signal_A_7), scale_down(signal_B_5), filter = false)",PASS,PASS,PASS,PASS,PASS,PASS
0.0,19783728.0,20000000.0,843.0,854.0,0.4325,0.191,0.0615,0.000883,2.29,3.44,2012-01-22,lV13KYe,"pro_A_14 = oth460_1l_acda;stock_A_14 = ts_zscore(ts_backfill(anl69_cps_best_eeps_cur_yr, 21),21);factor_A_14 = group_zscore(ts_ir(returns, 252), industry);alpha_A_14 = regression_neut(stock_A_14, factor_A_14);signal_A_14 = trade_when(pro_A_14<=0.5, alpha_A_14, pro_A_14>0.5);entry_B_8 = ts_rank( ts_std_dev(oth460_veia_l2, 21), 252 ); maintenance_B_8 = -ts_regression(rsk70_mfm2_gemtrd_srtindcnt, ts_delay(rsk70_mfm2_gemtrd_srtindcnt, 1), 252); quit_B_8 = entry_B_8 < 0.5;signal_B_8 =  trade_when(entry_B_8>0.55, maintenance_B_8, quit_B_8);add(scale_down(signal_A_14), scale_down(signal_B_8), filter = false)",PASS,PASS,PASS,PASS,PASS,PASS
1.0,23278614.0,20000000.0,640.0,651.0,0.5371,0.2248,0.0606,0.000837,2.28,3.52,2012-01-22,RpP1Zw0,"pro_A_12 = oth460_1l_m3r_mtn_spb_se;stock_A_12 = ts_zscore(ts_backfill(anl69_cps_best_eeps_cur_yr, 21),21);factor_A_12 = group_zscore(ts_ir(returns, 252), industry);alpha_A_12 = vector_neut(stock_A_12, factor_A_12);signal_A_12 = trade_when(pro_A_12<=0.5, alpha_A_12, pro_A_12>0.5);entry_B_8 = ts_rank( ts_std_dev(oth460_veia_l2, 21), 252 ); maintenance_B_8 = -ts_regression(rsk70_mfm2_gemtrd_srtindcnt, ts_delay(rsk70_mfm2_gemtrd_srtindcnt, 1), 252); quit_B_8 = entry_B_8 < 0.5;signal_B_8 =  trade_when(entry_B_8>0.55, maintenance_B_8, quit_B_8);add(scale_down(signal_A_12), scale_down(signal_B_8), filter = false)",PASS,PASS,PASS,PASS,PASS,PASS
2.0,21479636.0,20000000.0,879.0,917.0,0.4938,0.2074,0.069,0.00084,2.12,3.27,2012-01-22,Opgx1lp,"pro_A_11 = oth460_es_roe_fy1_d1m_l1;stock_A_11 = ts_zscore(ts_backfill(anl69_cpss_best_eeps_nxt_yr, 21),21);factor_A_11 = group_zscore(ts_ir(returns, 252), industry);alpha_A_11 = regression_neut(stock_A_11, factor_A_11);signal_A_11 = trade_when(pro_A_11<=0.5, alpha_A_11, pro_A_11>0.5);entry_B_8 = ts_rank( ts_std_dev(oth460_veia_l2, 21), 252 ); maintenance_B_8 = -ts_regression(rsk70_mfm2_gemtrd_srtindcnt, ts_delay(rsk70_mfm2_gemtrd_srtindcnt, 1), 252); quit_B_8 = entry_B_8 < 0.5;signal_B_8 =  trade_when(entry_B_8>0.55, maintenance_B_8, quit_B_8);add(scale_down(signal_A_11), scale_down(signal_B_8), filter = false)",PASS,PASS,PASS,PASS,PASS,PASS
3.0,18555671.0,20000000.0,804.0,810.0,0.4261,0.1792,0.0563,0.000841,2.08,3.2,2012-01-22,bLAdWXR,"pro_A_14 = oth460_1l_acda;stock_A_14 = ts_zscore(ts_backfill(anl69_cps_best_eeps_cur_yr, 21),21);factor_A_14 = group_zscore(ts_ir(returns, 252), industry);alpha_A_14 = regression_neut(stock_A_14, factor_A_14);signal_A_14 = trade_when(pro_A_14<=0.5, alpha_A_14, pro_A_14>0.5);entry_B_6 = ts_rank( ts_std_dev(oth460_1l_2dls, 21), 252 ); maintenance_B_6 = -ts_regression(rsk70_mfm2_gemtrd_srtindcnt, ts_delay(rsk70_mfm2_gemtrd_anlystsn, 1), 252); quit_B_6 = entry_B_6 < 0.5;signal_B_6 =  trade_when(entry_B_6>0.55, maintenance_B_6, quit_B_6);add(scale_down(signal_A_14), scale_down(signal_B_6), filter = false)",PASS,PASS,PASS,PASS,PASS,PASS
4.0,21450905.0,20000000.0,604.0,612.0,0.5386,0.2071,0.0453,0.000769,2.03,3.27,2012-01-22,eOEx7kd,"pro_A_12 = oth460_1l_m3r_mtn_spb_se;stock_A_12 = ts_zscore(ts_backfill(anl69_cps_best_eeps_cur_yr, 21),21);factor_A_12 = group_zscore(ts_ir(returns, 252), industry);alpha_A_12 = vector_neut(stock_A_12, factor_A_12);signal_A_12 = trade_when(pro_A_12<=0.5, alpha_A_12, pro_A_12>0.5);entry_B_6 = ts_rank( ts_std_dev(oth460_1l_2dls, 21), 252 ); maintenance_B_6 = -ts_regression(rsk70_mfm2_gemtrd_srtindcnt, ts_delay(rsk70_mfm2_gemtrd_anlystsn, 1), 252); quit_B_6 = entry_B_6 < 0.5;signal_B_6 =  trade_when(entry_B_6>0.55, maintenance_B_6, quit_B_6);add(scale_down(signal_A_12), scale_down(signal_B_6), filter = false)",PASS,PASS,PASS,PASS,PASS,PASS
5.0,20405557.0,20000000.0,836.0,867.0,0.4914,0.197,0.056,0.000802,1.97,3.11,2012-01-22,ngr81zq,"pro_A_11 = oth460_es_roe_fy1_d1m_l1;stock_A_11 = ts_zscore(ts_backfill(anl69_cpss_best_eeps_nxt_yr, 21),21);factor_A_11 = group_zscore(ts_ir(returns, 252), industry);alpha_A_11 = regression_neut(stock_A_11, factor_A_11);signal_A_11 = trade_when(pro_A_11<=0.5, alpha_A_11, pro_A_11>0.5);entry_B_6 = ts_rank( ts_std_dev(oth460_1l_2dls, 21), 252 ); maintenance_B_6 = -ts_regression(rsk70_mfm2_gemtrd_srtindcnt, ts_delay(rsk70_mfm2_gemtrd_anlystsn, 1), 252); quit_B_6 = entry_B_6 < 0.5;signal_B_6 =  trade_when(entry_B_6>0.55, maintenance_B_6, quit_B_6);add(scale_down(signal_A_11), scale_down(signal_B_6), filter = false)",PASS,PASS,PASS,PASS,PASS,PASS
6.0,20543287.0,20000000.0,674.0,672.0,0.4971,0.1984,0.0564,0.000798,1.93,3.06,2012-01-22,9wk7zNd,"pro_A_10 = oth460_1l_fbds;stock_A_10 = ts_zscore(ts_backfill(anl69_cpss_best_eeps_nxt_yr, 21),21);factor_A_10 = group_zscore(ts_ir(returns, 252), industry);alpha_A_10 = vector_neut(stock_A_10, factor_A_10);signal_A_10 = trade_when(pro_A_10<=0.5, alpha_A_10, pro_A_10>0.5);entry_B_6 = ts_rank( ts_std_dev(oth460_1l_2dls, 21), 252 ); maintenance_B_6 = -ts_regression(rsk70_mfm2_gemtrd_srtindcnt, ts_delay(rsk70_mfm2_gemtrd_anlystsn, 1), 252); quit_B_6 = entry_B_6 < 0.5;signal_B_6 =  trade_when(entry_B_6>0.55, maintenance_B_6, quit_B_6);add(scale_down(signal_A_10), scale_down(signal_B_6), filter = false)",PASS,PASS,PASS,PASS,PASS,PASS
7.0,20227226.0,20000000.0,667.0,666.0,0.496,0.1953,0.0563,0.000788,1.92,3.06,2012-01-22,k39ZXjP,"pro_A_13 = oth460_1l_fbbs;stock_A_13 = ts_zscore(ts_backfill(anl69_cpss_best_eeps_nxt_yr, 21),21);factor_A_13 = group_zscore(ts_ir(returns, 252), industry);alpha_A_13 = vector_neut(stock_A_13, factor_A_13);signal_A_13 = trade_when(pro_A_13<=0.5, alpha_A_13, pro_A_13>0.5);entry_B_6 = ts_rank( ts_std_dev(oth460_1l_2dls, 21), 252 ); maintenance_B_6 = -ts_regression(rsk70_mfm2_gemtrd_srtindcnt, ts_delay(rsk70_mfm2_gemtrd_anlystsn, 1), 252); quit_B_6 = entry_B_6 < 0.5;signal_B_6 =  trade_when(entry_B_6>0.55, maintenance_B_6, quit_B_6);add(scale_down(signal_A_13), scale_down(signal_B_6), filter = false)",PASS,PASS,PASS,PASS,PASS,PASS
8.0,20054914.0,20000000.0,703.0,708.0,0.5015,0.1937,0.0668,0.000772,1.86,2.99,2012-01-22,RpP1Rjg,"pro_A_10 = oth460_1l_fbds;stock_A_10 = ts_zscore(ts_backfill(anl69_cpss_best_eeps_nxt_yr, 21),21);factor_A_10 = group_zscore(ts_ir(returns, 252), industry);alpha_A_10 = vector_neut(stock_A_10, factor_A_10);signal_A_10 = trade_when(pro_A_10<=0.5, alpha_A_10, pro_A_10>0.5);entry_B_8 = ts_rank( ts_std_dev(oth460_veia_l2, 21), 252 ); maintenance_B_8 = -ts_regression(rsk70_mfm2_gemtrd_srtindcnt, ts_delay(rsk70_mfm2_gemtrd_srtindcnt, 1), 252); quit_B_8 = entry_B_8 < 0.5;signal_B_8 =  trade_when(entry_B_8>0.55, maintenance_B_8, quit_B_8);add(scale_down(signal_A_10), scale_down(signal_B_8), filter = false)",PASS,PASS,PASS,PASS,PASS,PASS
9.0,19347979.0,20000000.0,443.0,432.0,0.4223,0.1868,0.0912,0.000885,1.76,2.65,2012-01-22,g1L9ZNJ,"pro_A_14 = oth460_1l_acda;stock_A_14 = ts_zscore(ts_backfill(anl69_cps_best_eeps_cur_yr, 21),21);factor_A_14 = group_zscore(ts_ir(returns, 252), industry);alpha_A_14 = regression_neut(stock_A_14, factor_A_14);signal_A_14 = trade_when(pro_A_14<=0.5, alpha_A_14, pro_A_14>0.5);entry_B_9 = ts_rank( ts_std_dev(oth460_fprd_class, 21), 252 ); maintenance_B_9 = -ts_regression(rsk70_mfm2_gemtrd_srtindcnt, ts_delay(rsk70_mfm2_gemtrd_anlystsn, 1), 252); quit_B_9 = entry_B_9 < 0.5;signal_B_9 =  trade_when(entry_B_9>0.55, maintenance_B_9, quit_B_9);add(scale_down(signal_A_14), scale_down(signal_B_9), filter = false)",PASS,PASS,PASS,PASS,PASS,PASS
10.0,19262425.0,20000000.0,697.0,702.0,0.501,0.186,0.0652,0.000743,1.75,2.88,2012-01-22,k39ZXoO,"pro_A_13 = oth460_1l_fbbs;stock_A_13 = ts_zscore(ts_backfill(anl69_cpss_best_eeps_nxt_yr, 21),21);factor_A_13 = group_zscore(ts_ir(returns, 252), industry);alpha_A_13 = vector_neut(stock_A_13, factor_A_13);signal_A_13 = trade_when(pro_A_13<=0.5, alpha_A_13, pro_A_13>0.5);entry_B_8 = ts_rank( ts_std_dev(oth460_veia_l2, 21), 252 ); maintenance_B_8 = -ts_regression(rsk70_mfm2_gemtrd_srtindcnt, ts_delay(rsk70_mfm2_gemtrd_srtindcnt, 1), 252); quit_B_8 = entry_B_8 < 0.5;signal_B_8 =  trade_when(entry_B_8>0.55, maintenance_B_8, quit_B_8);add(scale_down(signal_A_13), scale_down(signal_B_8), filter = false)",PASS,PASS,PASS,PASS,PASS,PASS
11.0,20144355.0,20000000.0,883.0,913.0,0.5763,0.1945,0.1034,0.000675,1.7,2.93,2012-01-22,9wk7zao,"pro_A_11 = oth460_es_roe_fy1_d1m_l1;stock_A_11 = ts_zscore(ts_backfill(anl69_cpss_best_eeps_nxt_yr, 21),21);factor_A_11 = group_zscore(ts_ir(returns, 252), industry);alpha_A_11 = regression_neut(stock_A_11, factor_A_11);signal_A_11 = trade_when(pro_A_11<=0.5, alpha_A_11, pro_A_11>0.5);entry_B_7 = ts_rank( ts_std_dev(oth460_3l_vlc, 21), 252 ); maintenance_B_7 = -ts_regression(rsk70_mfm2_gemtrd_srtindcnt, ts_delay(rsk70_mfm2_gemtrd_size, 1), 252); quit_B_7 = entry_B_7 < 0.5;signal_B_7 =  trade_when(entry_B_7>0.55, maintenance_B_7, quit_B_7);add(scale_down(signal_A_11), scale_down(signal_B_7), filter = false)",PASS,PASS,PASS,PASS,PASS,PASS
12.0,20129449.0,20000000.0,612.0,615.0,0.6134,0.1944,0.0702,0.000634,1.69,3.0,2012-01-22,Gw9e07O,"pro_A_12 = oth460_1l_m3r_mtn_spb_se;stock_A_12 = ts_zscore(ts_backfill(anl69_cps_best_eeps_cur_yr, 21),21);factor_A_12 = group_zscore(ts_ir(returns, 252), industry);alpha_A_12 = vector_neut(stock_A_12, factor_A_12);signal_A_12 = trade_when(pro_A_12<=0.5, alpha_A_12, pro_A_12>0.5);entry_B_7 = ts_rank( ts_std_dev(oth460_3l_vlc, 21), 252 ); maintenance_B_7 = -ts_regression(rsk70_mfm2_gemtrd_srtindcnt, ts_delay(rsk70_mfm2_gemtrd_size, 1), 252); quit_B_7 = entry_B_7 < 0.5;signal_B_7 =  trade_when(entry_B_7>0.55, maintenance_B_7, quit_B_7);add(scale_down(signal_A_12), scale_down(signal_B_7), filter = false)",PASS,PASS,PASS,PASS,PASS,PASS
13.0,20960623.0,20000000.0,455.0,462.0,0.4937,0.2024,0.0858,0.00082,1.66,2.59,2012-01-22,ZpNKYR1,"pro_A_11 = oth460_es_roe_fy1_d1m_l1;stock_A_11 = ts_zscore(ts_backfill(anl69_cpss_best_eeps_nxt_yr, 21),21);factor_A_11 = group_zscore(ts_ir(returns, 252), industry);alpha_A_11 = regression_neut(stock_A_11, factor_A_11);signal_A_11 = trade_when(pro_A_11<=0.5, alpha_A_11, pro_A_11>0.5);entry_B_9 = ts_rank( ts_std_dev(oth460_fprd_class, 21), 252 ); maintenance_B_9 = -ts_regression(rsk70_mfm2_gemtrd_srtindcnt, ts_delay(rsk70_mfm2_gemtrd_anlystsn, 1), 252); quit_B_9 = entry_B_9 < 0.5;signal_B_9 =  trade_when(entry_B_9>0.55, maintenance_B_9, quit_B_9);add(scale_down(signal_A_11), scale_down(signal_B_9), filter = false)",PASS,PASS,PASS,PASS,PASS,PASS
14.0,20375674.0,20000000.0,717.0,715.0,0.578,0.1968,0.0907,0.000681,1.65,2.82,2012-01-22,7wln881,"pro_A_10 = oth460_1l_fbds;stock_A_10 = ts_zscore(ts_backfill(anl69_cpss_best_eeps_nxt_yr, 21),21);factor_A_10 = group_zscore(ts_ir(returns, 252), industry);alpha_A_10 = vector_neut(stock_A_10, factor_A_10);signal_A_10 = trade_when(pro_A_10<=0.5, alpha_A_10, pro_A_10>0.5);entry_B_7 = ts_rank( ts_std_dev(oth460_3l_vlc, 21), 252 ); maintenance_B_7 = -ts_regression(rsk70_mfm2_gemtrd_srtindcnt, ts_delay(rsk70_mfm2_gemtrd_size, 1), 252); quit_B_7 = entry_B_7 < 0.5;signal_B_7 =  trade_when(entry_B_7>0.55, maintenance_B_7, quit_B_7);add(scale_down(signal_A_10), scale_down(signal_B_7), filter = false)",PASS,PASS,PASS,PASS,PASS,PASS
15.0,17412128.0,20000000.0,847.0,848.0,0.5125,0.1681,0.0787,0.000656,1.65,2.88,2012-01-22,27eNn0x,"pro_A_14 = oth460_1l_acda;stock_A_14 = ts_zscore(ts_backfill(anl69_cps_best_eeps_cur_yr, 21),21);factor_A_14 = group_zscore(ts_ir(returns, 252), industry);alpha_A_14 = regression_neut(stock_A_14, factor_A_14);signal_A_14 = trade_when(pro_A_14<=0.5, alpha_A_14, pro_A_14>0.5);entry_B_7 = ts_rank( ts_std_dev(oth460_3l_vlc, 21), 252 ); maintenance_B_7 = -ts_regression(rsk70_mfm2_gemtrd_srtindcnt, ts_delay(rsk70_mfm2_gemtrd_size, 1), 252); quit_B_7 = entry_B_7 < 0.5;signal_B_7 =  trade_when(entry_B_7>0.55, maintenance_B_7, quit_B_7);add(scale_down(signal_A_14), scale_down(signal_B_7), filter = false)",PASS,PASS,PASS,PASS,PASS,PASS
16.0,21399714.0,20000000.0,384.0,374.0,0.4972,0.2066,0.092,0.000831,1.62,2.51,2012-01-22,6wNen1O,"pro_A_10 = oth460_1l_fbds;stock_A_10 = ts_zscore(ts_backfill(anl69_cpss_best_eeps_nxt_yr, 21),21);factor_A_10 = group_zscore(ts_ir(returns, 252), industry);alpha_A_10 = vector_neut(stock_A_10, factor_A_10);signal_A_10 = trade_when(pro_A_10<=0.5, alpha_A_10, pro_A_10>0.5);entry_B_9 = ts_rank( ts_std_dev(oth460_fprd_class, 21), 252 ); maintenance_B_9 = -ts_regression(rsk70_mfm2_gemtrd_srtindcnt, ts_delay(rsk70_mfm2_gemtrd_anlystsn, 1), 252); quit_B_9 = entry_B_9 < 0.5;signal_B_9 =  trade_when(entry_B_9>0.55, maintenance_B_9, quit_B_9);add(scale_down(signal_A_10), scale_down(signal_B_9), filter = false)",PASS,PASS,PASS,PASS,PASS,PASS
17.0,20157521.0,20000000.0,709.0,709.0,0.5775,0.1946,0.0957,0.000674,1.62,2.79,2012-01-22,k39ZXVP,"pro_A_13 = oth460_1l_fbbs;stock_A_13 = ts_zscore(ts_backfill(anl69_cpss_best_eeps_nxt_yr, 21),21);factor_A_13 = group_zscore(ts_ir(returns, 252), industry);alpha_A_13 = vector_neut(stock_A_13, factor_A_13);signal_A_13 = trade_when(pro_A_13<=0.5, alpha_A_13, pro_A_13>0.5);entry_B_7 = ts_rank( ts_std_dev(oth460_3l_vlc, 21), 252 ); maintenance_B_7 = -ts_regression(rsk70_mfm2_gemtrd_srtindcnt, ts_delay(rsk70_mfm2_gemtrd_size, 1), 252); quit_B_7 = entry_B_7 < 0.5;signal_B_7 =  trade_when(entry_B_7>0.55, maintenance_B_7, quit_B_7);add(scale_down(signal_A_13), scale_down(signal_B_7), filter = false)",PASS,PASS,PASS,PASS,PASS,PASS
18.0,20826559.0,20000000.0,331.0,325.0,0.5239,0.2011,0.1024,0.000768,1.6,2.58,2012-01-22,6wNeP6p,"pro_A_12 = oth460_1l_m3r_mtn_spb_se;stock_A_12 = ts_zscore(ts_backfill(anl69_cps_best_eeps_cur_yr, 21),21);factor_A_12 = group_zscore(ts_ir(returns, 252), industry);alpha_A_12 = vector_neut(stock_A_12, factor_A_12);signal_A_12 = trade_when(pro_A_12<=0.5, alpha_A_12, pro_A_12>0.5);entry_B_9 = ts_rank( ts_std_dev(oth460_fprd_class, 21), 252 ); maintenance_B_9 = -ts_regression(rsk70_mfm2_gemtrd_srtindcnt, ts_delay(rsk70_mfm2_gemtrd_anlystsn, 1), 252); quit_B_9 = entry_B_9 < 0.5;signal_B_9 =  trade_when(entry_B_9>0.55, maintenance_B_9, quit_B_9);add(scale_down(signal_A_12), scale_down(signal_B_9), filter = false)",PASS,PASS,PASS,PASS,PASS,PASS
19.0,20804828.0,20000000.0,381.0,371.0,0.4965,0.2009,0.0884,0.000809,1.56,2.46,2012-01-22,075MKOk,"pro_A_13 = oth460_1l_fbbs;stock_A_13 = ts_zscore(ts_backfill(anl69_cpss_best_eeps_nxt_yr, 21),21);factor_A_13 = group_zscore(ts_ir(returns, 252), industry);alpha_A_13 = vector_neut(stock_A_13, factor_A_13);signal_A_13 = trade_when(pro_A_13<=0.5, alpha_A_13, pro_A_13>0.5);entry_B_9 = ts_rank( ts_std_dev(oth460_fprd_class, 21), 252 ); maintenance_B_9 = -ts_regression(rsk70_mfm2_gemtrd_srtindcnt, ts_delay(rsk70_mfm2_gemtrd_anlystsn, 1), 252); quit_B_9 = entry_B_9 < 0.5;signal_B_9 =  trade_when(entry_B_9>0.55, maintenance_B_9, quit_B_9);add(scale_down(signal_A_13), scale_down(signal_B_9), filter = false)",PASS,PASS,PASS,PASS,PASS,PASS
0.0,12619416.0,20000000.0,877.0,940.0,0.6402,0.1219,0.0812,0.000381,0.92,2.11,2012-01-22,eOEO72l,"pro_A_0 = oth460_1l_acda;stock_A_0 = ts_zscore(ts_backfill(anl69_cps_best_eeps_nxt_yr, 21),21);factor_A_0 = group_zscore(ts_ir(returns, 252), industry);alpha_A_0 = regression_neut(stock_A_0, factor_A_0);signal_A_0 = trade_when(pro_A_0<=0.5, alpha_A_0, pro_A_0>0.5);WR_D_1 = (high-close)/(high-low) * -100;cond_D_1 = volume > adv20;gr_D_1 = group_rank(cond_D_1, sector);signal_D_1 = trade_when(WR_D_1<-80, gr_D_1, WR_D_1 >-20 );add(scale_down(signal_A_0), 0.2*scale_down(signal_D_1), filter = false)",PASS,PASS,FAIL,PASS,PASS,PASS
1.0,12332406.0,20000000.0,882.0,935.0,0.6324,0.1191,0.0808,0.000377,0.91,2.09,2012-01-22,WpJpjnZ,"pro_A_0 = oth460_1l_acda;stock_A_0 = ts_zscore(ts_backfill(anl69_cps_best_eeps_nxt_yr, 21),21);factor_A_0 = group_zscore(ts_ir(returns, 252), industry);alpha_A_0 = regression_neut(stock_A_0, factor_A_0);signal_A_0 = trade_when(pro_A_0<=0.5, alpha_A_0, pro_A_0>0.5);WR_D_0 = (high-close)/(high-low) * -100;cond_D_0 = volume > adv20;gr_D_0 = group_rank(cond_D_0, subindustry);signal_D_0 = trade_when(WR_D_0<-80, gr_D_0, WR_D_0 >-20 );add(scale_down(signal_A_0), 0.2*scale_down(signal_D_0), filter = false)",PASS,PASS,FAIL,PASS,PASS,PASS
2.0,12152685.0,20000000.0,886.0,931.0,0.6293,0.1173,0.0746,0.000373,0.89,2.05,2012-01-22,6wNwXYO,"pro_A_0 = oth460_1l_acda;stock_A_0 = ts_zscore(ts_backfill(anl69_cps_best_eeps_nxt_yr, 21),21);factor_A_0 = group_zscore(ts_ir(returns, 252), industry);alpha_A_0 = regression_neut(stock_A_0, factor_A_0);signal_A_0 = trade_when(pro_A_0<=0.5, alpha_A_0, pro_A_0>0.5);WR_D_2 = (high-close)/(high-low) * -100;cond_D_2 = volume > 1.2*adv20;gr_D_2 = group_rank(cond_D_2, subindustry);signal_D_2 = trade_when(WR_D_2<-80, gr_D_2, WR_D_2 >-20 );add(scale_down(signal_A_0), 0.2*scale_down(signal_D_2), filter = false)",PASS,PASS,FAIL,PASS,PASS,PASS
3.0,13292583.0,20000000.0,648.0,683.0,0.7166,0.1284,0.0752,0.000358,0.89,2.1,2012-01-22,dxvxgPE,"pro_A_4 = oth460_1l_m3r_mtn_spb_se;stock_A_4 = ts_zscore(ts_backfill(anl69_cpss_best_eeps_nxt_yr, 21),21);factor_A_4 = group_zscore(ts_ir(returns, 252), industry);alpha_A_4 = regression_neut(stock_A_4, factor_A_4);signal_A_4 = trade_when(pro_A_4<=0.5, alpha_A_4, pro_A_4>0.5);WR_D_0 = (high-close)/(high-low) * -100;cond_D_0 = volume > adv20;gr_D_0 = group_rank(cond_D_0, subindustry);signal_D_0 = trade_when(WR_D_0<-80, gr_D_0, WR_D_0 >-20 );add(scale_down(signal_A_4), 0.2*scale_down(signal_D_0), filter = false)",PASS,FAIL,FAIL,PASS,PASS,PASS
4.0,13483560.0,20000000.0,645.0,686.0,0.7244,0.1302,0.0737,0.000359,0.89,2.1,2012-01-22,17071RK,"pro_A_4 = oth460_1l_m3r_mtn_spb_se;stock_A_4 = ts_zscore(ts_backfill(anl69_cpss_best_eeps_nxt_yr, 21),21);factor_A_4 = group_zscore(ts_ir(returns, 252), industry);alpha_A_4 = regression_neut(stock_A_4, factor_A_4);signal_A_4 = trade_when(pro_A_4<=0.5, alpha_A_4, pro_A_4>0.5);WR_D_1 = (high-close)/(high-low) * -100;cond_D_1 = volume > adv20;gr_D_1 = group_rank(cond_D_1, sector);signal_D_1 = trade_when(WR_D_1<-80, gr_D_1, WR_D_1 >-20 );add(scale_down(signal_A_4), 0.2*scale_down(signal_D_1), filter = false)",PASS,FAIL,FAIL,PASS,PASS,PASS
5.0,12665453.0,20000000.0,880.0,937.0,0.6345,0.1223,0.0952,0.000385,0.89,2.02,2012-01-22,RpPpYAz,"pro_A_3 = oth460_1l_acda;stock_A_3 = ts_zscore(ts_backfill(anl69_cps_best_eeps_nxt_yr, 21),21);factor_A_3 = group_zscore(ts_ir(returns, 252), industry);alpha_A_3 = vector_neut(stock_A_3, factor_A_3);signal_A_3 = trade_when(pro_A_3<=0.5, alpha_A_3, pro_A_3>0.5);WR_D_1 = (high-close)/(high-low) * -100;cond_D_1 = volume > adv20;gr_D_1 = group_rank(cond_D_1, sector);signal_D_1 = trade_when(WR_D_1<-80, gr_D_1, WR_D_1 >-20 );add(scale_down(signal_A_3), 0.2*scale_down(signal_D_1), filter = false)",PASS,PASS,FAIL,PASS,PASS,PASS
6.0,13170863.0,20000000.0,652.0,679.0,0.7138,0.1272,0.0768,0.000356,0.88,2.08,2012-01-22,MpVpqvk,"pro_A_4 = oth460_1l_m3r_mtn_spb_se;stock_A_4 = ts_zscore(ts_backfill(anl69_cpss_best_eeps_nxt_yr, 21),21);factor_A_4 = group_zscore(ts_ir(returns, 252), industry);alpha_A_4 = regression_neut(stock_A_4, factor_A_4);signal_A_4 = trade_when(pro_A_4<=0.5, alpha_A_4, pro_A_4>0.5);WR_D_2 = (high-close)/(high-low) * -100;cond_D_2 = volume > 1.2*adv20;gr_D_2 = group_rank(cond_D_2, subindustry);signal_D_2 = trade_when(WR_D_2<-80, gr_D_2, WR_D_2 >-20 );add(scale_down(signal_A_4), 0.2*scale_down(signal_D_2), filter = false)",PASS,FAIL,FAIL,PASS,PASS,PASS
7.0,12359834.0,20000000.0,882.0,935.0,0.6269,0.1193,0.0948,0.000381,0.87,1.99,2012-01-22,AwEwbvQ,"pro_A_3 = oth460_1l_acda;stock_A_3 = ts_zscore(ts_backfill(anl69_cps_best_eeps_nxt_yr, 21),21);factor_A_3 = group_zscore(ts_ir(returns, 252), industry);alpha_A_3 = vector_neut(stock_A_3, factor_A_3);signal_A_3 = trade_when(pro_A_3<=0.5, alpha_A_3, pro_A_3>0.5);WR_D_0 = (high-close)/(high-low) * -100;cond_D_0 = volume > adv20;gr_D_0 = group_rank(cond_D_0, subindustry);signal_D_0 = trade_when(WR_D_0<-80, gr_D_0, WR_D_0 >-20 );add(scale_down(signal_A_3), 0.2*scale_down(signal_D_0), filter = false)",PASS,PASS,FAIL,PASS,PASS,PASS
8.0,12166882.0,20000000.0,886.0,931.0,0.6239,0.1175,0.089,0.000377,0.85,1.96,2012-01-22,RpPpYEz,"pro_A_3 = oth460_1l_acda;stock_A_3 = ts_zscore(ts_backfill(anl69_cps_best_eeps_nxt_yr, 21),21);factor_A_3 = group_zscore(ts_ir(returns, 252), industry);alpha_A_3 = vector_neut(stock_A_3, factor_A_3);signal_A_3 = trade_when(pro_A_3<=0.5, alpha_A_3, pro_A_3>0.5);WR_D_2 = (high-close)/(high-low) * -100;cond_D_2 = volume > 1.2*adv20;gr_D_2 = group_rank(cond_D_2, subindustry);signal_D_2 = trade_when(WR_D_2<-80, gr_D_2, WR_D_2 >-20 );add(scale_down(signal_A_3), 0.2*scale_down(signal_D_2), filter = false)",PASS,PASS,FAIL,PASS,PASS,PASS
9.0,11887221.0,20000000.0,550.0,594.0,0.6385,0.1148,0.0745,0.00036,0.81,1.92,2012-01-22,jZOZ2W5,"pro_A_1 = oth460_1l_ccns;stock_A_1 = ts_zscore(ts_backfill(anl69_cpss_best_eeps_nxt_yr, 21),21);factor_A_1 = group_zscore(ts_ir(returns, 252), industry);alpha_A_1 = regression_neut(stock_A_1, factor_A_1);signal_A_1 = trade_when(pro_A_1<=0.5, alpha_A_1, pro_A_1>0.5);WR_D_0 = (high-close)/(high-low) * -100;cond_D_0 = volume > adv20;gr_D_0 = group_rank(cond_D_0, subindustry);signal_D_0 = trade_when(WR_D_0<-80, gr_D_0, WR_D_0 >-20 );add(scale_down(signal_A_1), 0.2*scale_down(signal_D_0), filter = false)",PASS,PASS,FAIL,PASS,PASS,PASS
10.0,11935872.0,20000000.0,548.0,596.0,0.6461,0.1153,0.072,0.000357,0.81,1.91,2012-01-22,g1L1Jw0,"pro_A_1 = oth460_1l_ccns;stock_A_1 = ts_zscore(ts_backfill(anl69_cpss_best_eeps_nxt_yr, 21),21);factor_A_1 = group_zscore(ts_ir(returns, 252), industry);alpha_A_1 = regression_neut(stock_A_1, factor_A_1);signal_A_1 = trade_when(pro_A_1<=0.5, alpha_A_1, pro_A_1>0.5);WR_D_1 = (high-close)/(high-low) * -100;cond_D_1 = volume > adv20;gr_D_1 = group_rank(cond_D_1, sector);signal_D_1 = trade_when(WR_D_1<-80, gr_D_1, WR_D_1 >-20 );add(scale_down(signal_A_1), 0.2*scale_down(signal_D_1), filter = false)",PASS,PASS,FAIL,PASS,PASS,PASS
11.0,11987732.0,20000000.0,549.0,596.0,0.6331,0.1158,0.087,0.000366,0.8,1.86,2012-01-22,1707Y6Q,"pro_A_2 = oth460_1l_ccns;stock_A_2 = ts_zscore(ts_backfill(anl69_cpss_best_eeps_nxt_yr, 21),21);factor_A_2 = group_zscore(ts_ir(returns, 252), industry);alpha_A_2 = vector_neut(stock_A_2, factor_A_2);signal_A_2 = trade_when(pro_A_2<=0.5, alpha_A_2, pro_A_2>0.5);WR_D_0 = (high-close)/(high-low) * -100;cond_D_0 = volume > adv20;gr_D_0 = group_rank(cond_D_0, subindustry);signal_D_0 = trade_when(WR_D_0<-80, gr_D_0, WR_D_0 >-20 );add(scale_down(signal_A_2), 0.2*scale_down(signal_D_0), filter = false)",PASS,PASS,FAIL,PASS,PASS,PASS
12.0,12077268.0,20000000.0,549.0,595.0,0.6407,0.1166,0.0844,0.000364,0.79,1.86,2012-01-22,ZpNpYwn,"pro_A_2 = oth460_1l_ccns;stock_A_2 = ts_zscore(ts_backfill(anl69_cpss_best_eeps_nxt_yr, 21),21);factor_A_2 = group_zscore(ts_ir(returns, 252), industry);alpha_A_2 = vector_neut(stock_A_2, factor_A_2);signal_A_2 = trade_when(pro_A_2<=0.5, alpha_A_2, pro_A_2>0.5);WR_D_1 = (high-close)/(high-low) * -100;cond_D_1 = volume > adv20;gr_D_1 = group_rank(cond_D_1, sector);signal_D_1 = trade_when(WR_D_1<-80, gr_D_1, WR_D_1 >-20 );add(scale_down(signal_A_2), 0.2*scale_down(signal_D_1), filter = false)",PASS,PASS,FAIL,PASS,PASS,PASS
13.0,11684459.0,20000000.0,552.0,593.0,0.6354,0.1128,0.0733,0.000355,0.79,1.87,2012-01-22,MpVpP8M,"pro_A_1 = oth460_1l_ccns;stock_A_1 = ts_zscore(ts_backfill(anl69_cpss_best_eeps_nxt_yr, 21),21);factor_A_1 = group_zscore(ts_ir(returns, 252), industry);alpha_A_1 = regression_neut(stock_A_1, factor_A_1);signal_A_1 = trade_when(pro_A_1<=0.5, alpha_A_1, pro_A_1>0.5);WR_D_2 = (high-close)/(high-low) * -100;cond_D_2 = volume > 1.2*adv20;gr_D_2 = group_rank(cond_D_2, subindustry);signal_D_2 = trade_when(WR_D_2<-80, gr_D_2, WR_D_2 >-20 );add(scale_down(signal_A_1), 0.2*scale_down(signal_D_2), filter = false)",PASS,PASS,FAIL,PASS,PASS,PASS
14.0,11773413.0,20000000.0,550.0,594.0,0.6301,0.1137,0.0861,0.000361,0.77,1.81,2012-01-22,oKZKmAl,"pro_A_2 = oth460_1l_ccns;stock_A_2 = ts_zscore(ts_backfill(anl69_cpss_best_eeps_nxt_yr, 21),21);factor_A_2 = group_zscore(ts_ir(returns, 252), industry);alpha_A_2 = vector_neut(stock_A_2, factor_A_2);signal_A_2 = trade_when(pro_A_2<=0.5, alpha_A_2, pro_A_2>0.5);WR_D_2 = (high-close)/(high-low) * -100;cond_D_2 = volume > 1.2*adv20;gr_D_2 = group_rank(cond_D_2, subindustry);signal_D_2 = trade_when(WR_D_2<-80, gr_D_2, WR_D_2 >-20 );add(scale_down(signal_A_2), 0.2*scale_down(signal_D_2), filter = false)",PASS,PASS,FAIL,PASS,PASS,PASS
0.0,9569700.0,20000000.0,826.0,1863.0,0.0472,0.0958,0.6249,0.004062,0.32,0.37,2012-01-22,p636dXb,"x_C_1 = regression_neut(implied_volatility_call_10, implied_volatility_mean_10);g_C_1 = bucket(rank(implied_volatility_call_10), range = ""0, 1, 0.1"") ;s_C_1 = group_neutralize(x_C_1,g_C_1);signal_C_1 = ts_backfill(ts_decay_linear(s_C_1, 15), 63);zscore(add(signal_C_1,ts_theilsen(vec_avg(nws12_afterhsz_spyclose), cap, 250), filter = false))",FAIL,PASS,FAIL,FAIL,FAIL,PASS
1.0,9569922.0,20000000.0,826.0,1863.0,0.0472,0.0958,0.6249,0.004062,0.32,0.37,2012-01-22,PpKpxzJ,"x_C_0 = regression_neut(implied_volatility_mean_10, implied_volatility_put_10);g_C_0 = bucket(rank(implied_volatility_mean_10), range = ""0, 1, 0.1"") ;s_C_0 = group_neutralize(x_C_0,g_C_0);signal_C_0 = ts_backfill(ts_decay_linear(s_C_0, 15), 63);zscore(add(signal_C_0,ts_theilsen(vec_avg(nws12_afterhsz_spyclose), cap, 250), filter = false))",FAIL,PASS,FAIL,FAIL,FAIL,PASS
2.0,9570544.0,20000000.0,826.0,1863.0,0.0472,0.0958,0.6249,0.004061,0.32,0.37,2012-01-22,WpJGMZk,"x_C_2 = regression_neut(implied_volatility_call_10, implied_volatility_put_10);g_C_2 = bucket(rank(implied_volatility_call_10), range = ""0, 1, 0.1"") ;s_C_2 = group_neutralize(x_C_2,g_C_2);signal_C_2 = ts_backfill(ts_decay_linear(s_C_2, 15), 63);zscore(add(signal_C_2,ts_theilsen(vec_avg(nws12_afterhsz_spyclose), cap, 250), filter = false))",FAIL,PASS,FAIL,FAIL,FAIL,PASS
3.0,23349394.0,20000000.0,21.0,9.0,0.6206,0.2339,1.5727,0.000754,0.23,0.37,2012-01-22,EwxwGv1,"x_C_0 = regression_neut(implied_volatility_mean_10, implied_volatility_put_10);g_C_0 = bucket(rank(implied_volatility_mean_10), range = ""0, 1, 0.1"") ;s_C_0 = group_neutralize(x_C_0,g_C_0);signal_C_0 = ts_backfill(ts_decay_linear(s_C_0, 15), 63);zscore(add(signal_C_0,-ts_vector_proj(vec_avg(nws12_afterhsz_1p), vec_avg(nws12_prez_02p), 250), filter = false))",FAIL,PASS,FAIL,FAIL,FAIL,PASS
4.0,22443250.0,20000000.0,21.0,9.0,0.6025,0.2248,1.4883,0.000746,0.22,0.36,2012-01-22,WpJpOaj,"x_C_1 = regression_neut(implied_volatility_call_10, implied_volatility_mean_10);g_C_1 = bucket(rank(implied_volatility_call_10), range = ""0, 1, 0.1"") ;s_C_1 = group_neutralize(x_C_1,g_C_1);signal_C_1 = ts_backfill(ts_decay_linear(s_C_1, 15), 63);zscore(add(signal_C_1,-ts_vector_proj(vec_avg(nws12_afterhsz_1p), vec_avg(nws12_prez_02p), 250), filter = false))",FAIL,PASS,FAIL,FAIL,PASS,PASS
5.0,21719927.0,20000000.0,20.0,9.0,0.5921,0.2175,1.2504,0.000735,0.22,0.36,2012-01-22,ro8onv1,"x_C_2 = regression_neut(implied_volatility_call_10, implied_volatility_put_10);g_C_2 = bucket(rank(implied_volatility_call_10), range = ""0, 1, 0.1"") ;s_C_2 = group_neutralize(x_C_2,g_C_2);signal_C_2 = ts_backfill(ts_decay_linear(s_C_2, 15), 63);zscore(add(signal_C_2,-ts_vector_proj(vec_avg(nws12_afterhsz_1p), vec_avg(nws12_prez_02p), 250), filter = false))",FAIL,PASS,FAIL,FAIL,PASS,PASS
6.0,7705675.0,20000000.0,27.0,15.0,0.445,0.0771,1.8881,0.000347,0.05,0.12,2012-01-22,0757Go2,"x_C_1 = regression_neut(implied_volatility_call_10, implied_volatility_mean_10);g_C_1 = bucket(rank(implied_volatility_call_10), range = ""0, 1, 0.1"") ;s_C_1 = group_neutralize(x_C_1,g_C_1);signal_C_1 = ts_backfill(ts_decay_linear(s_C_1, 15), 63);zscore(add(signal_C_1,-ts_vector_proj(vec_avg(nws12_mainz_57l), vec_avg(nws12_prez_02l), 30), filter = false))",FAIL,PASS,FAIL,FAIL,PASS,PASS
7.0,5056661.0,20000000.0,27.0,15.0,0.4794,0.0506,1.4777,0.000211,0.03,0.08,2012-01-22,AwEw3Jg,"x_C_0 = regression_neut(implied_volatility_mean_10, implied_volatility_put_10);g_C_0 = bucket(rank(implied_volatility_mean_10), range = ""0, 1, 0.1"") ;s_C_0 = group_neutralize(x_C_0,g_C_0);signal_C_0 = ts_backfill(ts_decay_linear(s_C_0, 15), 63);zscore(add(signal_C_0,-ts_vector_proj(vec_avg(nws12_mainz_57l), vec_avg(nws12_prez_02l), 30), filter = false))",FAIL,PASS,FAIL,FAIL,PASS,PASS
8.0,3500793.0,20000000.0,26.0,15.0,0.4382,0.035,1.7815,0.00016,0.02,0.06,2012-01-22,Vpepe90,"x_C_2 = regression_neut(implied_volatility_call_10, implied_volatility_put_10);g_C_2 = bucket(rank(implied_volatility_call_10), range = ""0, 1, 0.1"") ;s_C_2 = group_neutralize(x_C_2,g_C_2);signal_C_2 = ts_backfill(ts_decay_linear(s_C_2, 15), 63);zscore(add(signal_C_2,-ts_vector_proj(vec_avg(nws12_mainz_57l), vec_avg(nws12_prez_02l), 30), filter = false))",FAIL,PASS,FAIL,FAIL,PASS,PASS
